,device_name,mac_addr,eddystone_instance_id,rssi,timestamp
2021-04-24 08:15:06.427,AgileVision Beacon,C1:E2:F7:D0:6B:8C,000000000006,-84.0,2021-04-24 08:15:06.427
2021-04-24 08:15:06.434,AgileVision Beacon,D9:77:0F:A8:70:38,000000000002,-87.0,2021-04-24 08:15:06.434
2021-04-24 08:15:06.613,AgileVision Beacon,F7:7C:03:9B:24:1D,000000000005,-84.0,2021-04-24 08:15:06.613
2021-04-24 08:15:06.644,AgileVision Beacon,C8:7E:06:A7:D7:3E,000000000001,-89.0,2021-04-24 08:15:06.644
2021-04-24 08:15:06.658,AgileVision Beacon,E6:19:C3:98:50:7C,000000000004,-84.0,2021-04-24 08:15:06.658
2021-04-24 08:15:06.667,AgileVision Beacon,FB:48:A7:41:3F:C8,000000000003,-67.0,2021-04-24 08:15:06.667
2021-04-24 08:15:06.845,AgileVision Beacon,C8:7E:06:A7:D7:3E,000000000001,-89.0,2021-04-24 08:15:06.845
2021-04-24 08:15:07.030,AgileVision Beacon,F7:7C:03:9B:24:1D,000000000005,-80.0,2021-04-24 08:15:07.030
2021-04-24 08:15:07.054,AgileVision Beacon,D9:77:0F:A8:70:38,000000000002,-84.0,2021-04-24 08:15:07.054
2021-04-24 08:15:07.060,AgileVision Beacon,C1:E2:F7:D0:6B:8C,000000000006,-73.0,2021-04-24 08:15:07.060
2021-04-24 08:15:07.073,AgileVision Beacon,E6:19:C3:98:50:7C,000000000004,-76.0,2021-04-24 08:15:07.073
2021-04-24 08:15:07.092,AgileVision Beacon,FB:48:A7:41:3F:C8,000000000003,-67.0,2021-04-24 08:15:07.092
2021-04-24 08:15:07.261,AgileVision Beacon,C8:7E:06:A7:D7:3E,000000000001,-90.0,2021-04-24 08:15:07.261
2021-04-24 08:15:07.418,AgileVision Beacon,FB:48:A7:41:3F:C8,000000000003,-67.0,2021-04-24 08:15:07.418
2021-04-24 08:15:07.463,AgileVision Beacon,F7:7C:03:9B:24:1D,000000000005,-81.0,2021-04-24 08:15:07.463
2021-04-24 08:15:07.475,AgileVision Beacon,D9:77:0F:A8:70:38,000000000002,-83.0,2021-04-24 08:15:07.475
2021-04-24 08:15:07.478,AgileVision Beacon,C1:E2:F7:D0:6B:8C,000000000006,-70.0,2021-04-24 08:15:07.478
2021-04-24 08:15:07.496,AgileVision Beacon,E6:19:C3:98:50:7C,000000000004,-69.0,2021-04-24 08:15:07.496
2021-04-24 08:15:07.575,AgileVision Beacon,C8:7E:06:A7:D7:3E,000000000001,-91.0,2021-04-24 08:15:07.575
2021-04-24 08:15:07.829,AgileVision Beacon,FB:48:A7:41:3F:C8,000000000003,-68.0,2021-04-24 08:15:07.829
2021-04-24 08:15:07.895,AgileVision Beacon,D9:77:0F:A8:70:38,000000000002,-83.0,2021-04-24 08:15:07.895
2021-04-24 08:15:07.901,AgileVision Beacon,C1:E2:F7:D0:6B:8C,000000000006,-69.0,2021-04-24 08:15:07.901
2021-04-24 08:15:07.911,AgileVision Beacon,E6:19:C3:98:50:7C,000000000004,-69.0,2021-04-24 08:15:07.911
2021-04-24 08:15:08.208,AgileVision Beacon,C8:7E:06:A7:D7:3E,000000000001,-91.0,2021-04-24 08:15:08.208
2021-04-24 08:15:08.228,AgileVision Beacon,E6:19:C3:98:50:7C,000000000004,-69.0,2021-04-24 08:15:08.228
2021-04-24 08:15:08.249,AgileVision Beacon,FB:48:A7:41:3F:C8,000000000003,-68.0,2021-04-24 08:15:08.249
2021-04-24 08:15:08.294,AgileVision Beacon,F7:7C:03:9B:24:1D,000000000005,-82.0,2021-04-24 08:15:08.294
2021-04-24 08:15:08.310,AgileVision Beacon,D9:77:0F:A8:70:38,000000000002,-83.0,2021-04-24 08:15:08.310
2021-04-24 08:15:08.315,AgileVision Beacon,C1:E2:F7:D0:6B:8C,000000000006,-68.0,2021-04-24 08:15:08.315
2021-04-24 08:15:08.409,AgileVision Beacon,C8:7E:06:A7:D7:3E,000000000001,-88.0,2021-04-24 08:15:08.409
2021-04-24 08:15:08.542,AgileVision Beacon,E6:19:C3:98:50:7C,000000000004,-69.0,2021-04-24 08:15:08.542
2021-04-24 08:15:08.554,AgileVision Beacon,FB:48:A7:41:3F:C8,000000000003,-67.0,2021-04-24 08:15:08.554
2021-04-24 08:15:08.628,AgileVision Beacon,D9:77:0F:A8:70:38,000000000002,-82.0,2021-04-24 08:15:08.628
2021-04-24 08:15:08.709,AgileVision Beacon,F7:7C:03:9B:24:1D,000000000005,-82.0,2021-04-24 08:15:08.709
2021-04-24 08:15:08.719,AgileVision Beacon,C1:E2:F7:D0:6B:8C,000000000006,-68.0,2021-04-24 08:15:08.719
2021-04-24 08:15:08.937,AgileVision Beacon,C8:7E:06:A7:D7:3E,000000000001,-89.0,2021-04-24 08:15:08.937
2021-04-24 08:15:09.040,AgileVision Beacon,C1:E2:F7:D0:6B:8C,000000000006,-69.0,2021-04-24 08:15:09.040
2021-04-24 08:15:09.062,AgileVision Beacon,D9:77:0F:A8:70:38,000000000002,-82.0,2021-04-24 08:15:09.062
2021-04-24 08:15:09.069,AgileVision Beacon,E6:19:C3:98:50:7C,000000000004,-69.0,2021-04-24 08:15:09.069
2021-04-24 08:15:09.090,AgileVision Beacon,FB:48:A7:41:3F:C8,000000000003,-68.0,2021-04-24 08:15:09.090
2021-04-24 08:15:09.131,AgileVision Beacon,F7:7C:03:9B:24:1D,000000000005,-82.0,2021-04-24 08:15:09.131
2021-04-24 08:15:09.434,AgileVision Beacon,F7:7C:03:9B:24:1D,000000000005,-81.0,2021-04-24 08:15:09.434
2021-04-24 08:15:09.458,AgileVision Beacon,C1:E2:F7:D0:6B:8C,000000000006,-68.0,2021-04-24 08:15:09.458
2021-04-24 08:15:09.463,AgileVision Beacon,C8:7E:06:A7:D7:3E,000000000001,-87.0,2021-04-24 08:15:09.463
2021-04-24 08:15:09.478,AgileVision Beacon,D9:77:0F:A8:70:38,000000000002,-83.0,2021-04-24 08:15:09.478
2021-04-24 08:15:09.496,AgileVision Beacon,E6:19:C3:98:50:7C,000000000004,-69.0,2021-04-24 08:15:09.496
2021-04-24 08:15:09.507,AgileVision Beacon,FB:48:A7:41:3F:C8,000000000003,-68.0,2021-04-24 08:15:09.507
2021-04-24 08:15:09.668,AgileVision Beacon,C1:E2:F7:D0:6B:8C,000000000006,-68.0,2021-04-24 08:15:09.668
2021-04-24 08:15:09.672,AgileVision Beacon,C8:7E:06:A7:D7:3E,000000000001,-88.0,2021-04-24 08:15:09.672
2021-04-24 08:15:09.819,AgileVision Beacon,FB:48:A7:41:3F:C8,000000000003,-68.0,2021-04-24 08:15:09.819
2021-04-24 08:15:09.847,AgileVision Beacon,F7:7C:03:9B:24:1D,000000000005,-82.0,2021-04-24 08:15:09.847
2021-04-24 08:15:09.897,AgileVision Beacon,D9:77:0F:A8:70:38,000000000002,-83.0,2021-04-24 08:15:09.897
2021-04-24 08:15:09.927,AgileVision Beacon,E6:19:C3:98:50:7C,000000000004,-69.0,2021-04-24 08:15:09.927
2021-04-24 08:15:10.208,AgileVision Beacon,D9:77:0F:A8:70:38,000000000002,-83.0,2021-04-24 08:15:10.208
2021-04-24 08:15:10.251,AgileVision Beacon,FB:48:A7:41:3F:C8,000000000003,-68.0,2021-04-24 08:15:10.251
2021-04-24 08:15:10.260,AgileVision Beacon,F7:7C:03:9B:24:1D,000000000005,-81.0,2021-04-24 08:15:10.260
2021-04-24 08:15:10.292,AgileVision Beacon,C1:E2:F7:D0:6B:8C,000000000006,-68.0,2021-04-24 08:15:10.292
2021-04-24 08:15:10.295,AgileVision Beacon,C8:7E:06:A7:D7:3E,000000000001,-88.0,2021-04-24 08:15:10.295
2021-04-24 08:15:10.336,AgileVision Beacon,E6:19:C3:98:50:7C,000000000004,-69.0,2021-04-24 08:15:10.336
2021-04-24 08:15:10.589,AgileVision Beacon,F7:7C:03:9B:24:1D,000000000005,-81.0,2021-04-24 08:15:10.589
2021-04-24 08:15:10.650,AgileVision Beacon,E6:19:C3:98:50:7C,000000000004,-69.0,2021-04-24 08:15:10.650
2021-04-24 08:15:10.688,AgileVision Beacon,FB:48:A7:41:3F:C8,000000000003,-68.0,2021-04-24 08:15:10.688
2021-04-24 08:15:10.715,AgileVision Beacon,C8:7E:06:A7:D7:3E,000000000001,-89.0,2021-04-24 08:15:10.715
2021-04-24 08:15:10.731,AgileVision Beacon,C1:E2:F7:D0:6B:8C,000000000006,-68.0,2021-04-24 08:15:10.731
2021-04-24 08:15:10.746,AgileVision Beacon,D9:77:0F:A8:70:38,000000000002,-84.0,2021-04-24 08:15:10.746
2021-04-24 08:15:11.066,AgileVision Beacon,D9:77:0F:A8:70:38,000000000002,-84.0,2021-04-24 08:15:11.066
2021-04-24 08:15:11.074,AgileVision Beacon,E6:19:C3:98:50:7C,000000000004,-69.0,2021-04-24 08:15:11.074
2021-04-24 08:15:11.108,AgileVision Beacon,F7:7C:03:9B:24:1D,000000000005,-81.0,2021-04-24 08:15:11.108
2021-04-24 08:15:11.114,AgileVision Beacon,FB:48:A7:41:3F:C8,000000000003,-69.0,2021-04-24 08:15:11.114
2021-04-24 08:15:11.132,AgileVision Beacon,C8:7E:06:A7:D7:3E,000000000001,-87.0,2021-04-24 08:15:11.132
2021-04-24 08:15:11.144,AgileVision Beacon,C1:E2:F7:D0:6B:8C,000000000006,-68.0,2021-04-24 08:15:11.144
2021-04-24 08:15:11.360,AgileVision Beacon,C1:E2:F7:D0:6B:8C,000000000006,-68.0,2021-04-24 08:15:11.360
2021-04-24 08:15:11.444,AgileVision Beacon,C8:7E:06:A7:D7:3E,000000000001,-88.0,2021-04-24 08:15:11.444
2021-04-24 08:15:11.475,AgileVision Beacon,D9:77:0F:A8:70:38,000000000002,-84.0,2021-04-24 08:15:11.475
2021-04-24 08:15:11.491,AgileVision Beacon,E6:19:C3:98:50:7C,000000000004,-69.0,2021-04-24 08:15:11.491
2021-04-24 08:15:11.519,AgileVision Beacon,F7:7C:03:9B:24:1D,000000000005,-80.0,2021-04-24 08:15:11.519
2021-04-24 08:15:11.529,AgileVision Beacon,FB:48:A7:41:3F:C8,000000000003,-69.0,2021-04-24 08:15:11.529
2021-04-24 08:15:11.765,AgileVision Beacon,C8:7E:06:A7:D7:3E,000000000001,-87.0,2021-04-24 08:15:11.765
2021-04-24 08:15:11.895,AgileVision Beacon,C1:E2:F7:D0:6B:8C,000000000006,-68.0,2021-04-24 08:15:11.895
2021-04-24 08:15:11.903,AgileVision Beacon,D9:77:0F:A8:70:38,000000000002,-84.0,2021-04-24 08:15:11.903
2021-04-24 08:15:11.911,AgileVision Beacon,E6:19:C3:98:50:7C,000000000004,-69.0,2021-04-24 08:15:11.911
2021-04-24 08:15:11.942,AgileVision Beacon,F7:7C:03:9B:24:1D,000000000005,-81.0,2021-04-24 08:15:11.942
2021-04-24 08:15:11.952,AgileVision Beacon,FB:48:A7:41:3F:C8,000000000003,-69.0,2021-04-24 08:15:11.952
2021-04-24 08:15:12.270,AgileVision Beacon,FB:48:A7:41:3F:C8,000000000003,-72.0,2021-04-24 08:15:12.270
2021-04-24 08:15:12.281,AgileVision Beacon,C8:7E:06:A7:D7:3E,000000000001,-92.0,2021-04-24 08:15:12.281
2021-04-24 08:15:12.309,AgileVision Beacon,C1:E2:F7:D0:6B:8C,000000000006,-76.0,2021-04-24 08:15:12.309
2021-04-24 08:15:12.314,AgileVision Beacon,D9:77:0F:A8:70:38,000000000002,-87.0,2021-04-24 08:15:12.314
2021-04-24 08:15:12.332,AgileVision Beacon,E6:19:C3:98:50:7C,000000000004,-72.0,2021-04-24 08:15:12.332
2021-04-24 08:15:12.359,AgileVision Beacon,F7:7C:03:9B:24:1D,000000000005,-97.0,2021-04-24 08:15:12.359
2021-04-24 08:15:12.613,AgileVision Beacon,D9:77:0F:A8:70:38,000000000002,-86.0,2021-04-24 08:15:12.613
2021-04-24 08:15:12.701,AgileVision Beacon,C8:7E:06:A7:D7:3E,000000000001,-91.0,2021-04-24 08:15:12.701
2021-04-24 08:15:12.710,AgileVision Beacon,FB:48:A7:41:3F:C8,000000000003,-72.0,2021-04-24 08:15:12.710
2021-04-24 08:15:12.720,AgileVision Beacon,C1:E2:F7:D0:6B:8C,000000000006,-75.0,2021-04-24 08:15:12.720
2021-04-24 08:15:12.746,AgileVision Beacon,E6:19:C3:98:50:7C,000000000004,-72.0,2021-04-24 08:15:12.746
2021-04-24 08:15:13.012,AgileVision Beacon,C8:7E:06:A7:D7:3E,000000000001,-91.0,2021-04-24 08:15:13.012
2021-04-24 08:15:13.104,AgileVision Beacon,F7:7C:03:9B:24:1D,000000000005,-99.0,2021-04-24 08:15:13.104
2021-04-24 08:15:13.128,AgileVision Beacon,FB:48:A7:41:3F:C8,000000000003,-73.0,2021-04-24 08:15:13.128
2021-04-24 08:15:13.136,AgileVision Beacon,C1:E2:F7:D0:6B:8C,000000000006,-75.0,2021-04-24 08:15:13.136
2021-04-24 08:15:13.143,AgileVision Beacon,D9:77:0F:A8:70:38,000000000002,-86.0,2021-04-24 08:15:13.143
2021-04-24 08:15:13.164,AgileVision Beacon,E6:19:C3:98:50:7C,000000000004,-73.0,2021-04-24 08:15:13.164
2021-04-24 08:15:13.473,AgileVision Beacon,E6:19:C3:98:50:7C,000000000004,-74.0,2021-04-24 08:15:13.473
2021-04-24 08:15:13.533,AgileVision Beacon,FB:48:A7:41:3F:C8,000000000003,-72.0,2021-04-24 08:15:13.533
2021-04-24 08:15:13.538,AgileVision Beacon,C8:7E:06:A7:D7:3E,000000000001,-92.0,2021-04-24 08:15:13.538
2021-04-24 08:15:13.548,AgileVision Beacon,C1:E2:F7:D0:6B:8C,000000000006,-76.0,2021-04-24 08:15:13.548
2021-04-24 08:15:13.555,AgileVision Beacon,D9:77:0F:A8:70:38,000000000002,-87.0,2021-04-24 08:15:13.555
2021-04-24 08:15:13.830,AgileVision Beacon,F7:7C:03:9B:24:1D,000000000005,-95.0,2021-04-24 08:15:13.830
2021-04-24 08:15:13.873,AgileVision Beacon,D9:77:0F:A8:70:38,000000000002,-87.0,2021-04-24 08:15:13.873
2021-04-24 08:15:13.903,AgileVision Beacon,E6:19:C3:98:50:7C,000000000004,-73.0,2021-04-24 08:15:13.903
2021-04-24 08:15:13.974,AgileVision Beacon,FB:48:A7:41:3F:C8,000000000003,-72.0,2021-04-24 08:15:13.974
2021-04-24 08:15:13.981,AgileVision Beacon,C8:7E:06:A7:D7:3E,000000000001,-90.0,2021-04-24 08:15:13.981
2021-04-24 08:15:13.990,AgileVision Beacon,C1:E2:F7:D0:6B:8C,000000000006,-75.0,2021-04-24 08:15:13.990
2021-04-24 08:15:14.174,AgileVision Beacon,D9:77:0F:A8:70:38,000000000002,-87.0,2021-04-24 08:15:14.174
2021-04-24 08:15:14.316,AgileVision Beacon,E6:19:C3:98:50:7C,000000000004,-73.0,2021-04-24 08:15:14.316
2021-04-24 08:15:14.378,AgileVision Beacon,FB:48:A7:41:3F:C8,000000000003,-72.0,2021-04-24 08:15:14.378
2021-04-24 08:15:14.387,AgileVision Beacon,C8:7E:06:A7:D7:3E,000000000001,-90.0,2021-04-24 08:15:14.387
2021-04-24 08:15:14.397,AgileVision Beacon,C1:E2:F7:D0:6B:8C,000000000006,-75.0,2021-04-24 08:15:14.397
2021-04-24 08:15:14.697,AgileVision Beacon,C8:7E:06:A7:D7:3E,000000000001,-92.0,2021-04-24 08:15:14.697
2021-04-24 08:15:14.725,AgileVision Beacon,C1:E2:F7:D0:6B:8C,000000000006,-75.0,2021-04-24 08:15:14.725
2021-04-24 08:15:14.743,AgileVision Beacon,E6:19:C3:98:50:7C,000000000004,-73.0,2021-04-24 08:15:14.743
2021-04-24 08:15:14.800,AgileVision Beacon,D9:77:0F:A8:70:38,000000000002,-86.0,2021-04-24 08:15:14.800
2021-04-24 08:15:14.806,AgileVision Beacon,FB:48:A7:41:3F:C8,000000000003,-72.0,2021-04-24 08:15:14.806
2021-04-24 08:15:15.118,AgileVision Beacon,C8:7E:06:A7:D7:3E,000000000001,-93.0,2021-04-24 08:15:15.118
2021-04-24 08:15:15.135,AgileVision Beacon,C1:E2:F7:D0:6B:8C,000000000006,-78.0,2021-04-24 08:15:15.135
2021-04-24 08:15:15.156,AgileVision Beacon,E6:19:C3:98:50:7C,000000000004,-73.0,2021-04-24 08:15:15.156
2021-04-24 08:15:15.210,AgileVision Beacon,D9:77:0F:A8:70:38,000000000002,-87.0,2021-04-24 08:15:15.210
2021-04-24 08:15:15.214,AgileVision Beacon,FB:48:A7:41:3F:C8,000000000003,-73.0,2021-04-24 08:15:15.214
2021-04-24 08:15:15.534,AgileVision Beacon,C8:7E:06:A7:D7:3E,000000000001,-92.0,2021-04-24 08:15:15.534
2021-04-24 08:15:15.544,AgileVision Beacon,FB:48:A7:41:3F:C8,000000000003,-73.0,2021-04-24 08:15:15.544
2021-04-24 08:15:15.548,AgileVision Beacon,C1:E2:F7:D0:6B:8C,000000000006,-78.0,2021-04-24 08:15:15.548
2021-04-24 08:15:15.574,AgileVision Beacon,E6:19:C3:98:50:7C,000000000004,-73.0,2021-04-24 08:15:15.574
2021-04-24 08:15:15.621,AgileVision Beacon,D9:77:0F:A8:70:38,000000000002,-86.0,2021-04-24 08:15:15.621
2021-04-24 08:15:15.741,AgileVision Beacon,C8:7E:06:A7:D7:3E,000000000001,-93.0,2021-04-24 08:15:15.741
2021-04-24 08:15:15.850,AgileVision Beacon,C1:E2:F7:D0:6B:8C,000000000006,-78.0,2021-04-24 08:15:15.850
2021-04-24 08:15:15.935,AgileVision Beacon,D9:77:0F:A8:70:38,000000000002,-87.0,2021-04-24 08:15:15.935
2021-04-24 08:15:15.964,AgileVision Beacon,FB:48:A7:41:3F:C8,000000000003,-74.0,2021-04-24 08:15:15.964
2021-04-24 08:15:15.999,AgileVision Beacon,E6:19:C3:98:50:7C,000000000004,-73.0,2021-04-24 08:15:15.999
2021-04-24 08:15:16.284,AgileVision Beacon,C8:7E:06:A7:D7:3E,000000000001,-92.0,2021-04-24 08:15:16.284
2021-04-24 08:15:16.291,AgileVision Beacon,C1:E2:F7:D0:6B:8C,000000000006,-79.0,2021-04-24 08:15:16.291
2021-04-24 08:15:16.364,AgileVision Beacon,D9:77:0F:A8:70:38,000000000002,-87.0,2021-04-24 08:15:16.364
2021-04-24 08:15:16.389,AgileVision Beacon,FB:48:A7:41:3F:C8,000000000003,-74.0,2021-04-24 08:15:16.389
2021-04-24 08:15:16.422,AgileVision Beacon,E6:19:C3:98:50:7C,000000000004,-73.0,2021-04-24 08:15:16.422
2021-04-24 08:15:16.584,AgileVision Beacon,C8:7E:06:A7:D7:3E,000000000001,-92.0,2021-04-24 08:15:16.584
2021-04-24 08:15:16.740,AgileVision Beacon,E6:19:C3:98:50:7C,000000000004,-72.0,2021-04-24 08:15:16.740
2021-04-24 08:15:16.780,AgileVision Beacon,D9:77:0F:A8:70:38,000000000002,-87.0,2021-04-24 08:15:16.780
2021-04-24 08:15:16.788,AgileVision Beacon,C1:E2:F7:D0:6B:8C,000000000006,-79.0,2021-04-24 08:15:16.788
2021-04-24 08:15:16.801,AgileVision Beacon,FB:48:A7:41:3F:C8,000000000003,-74.0,2021-04-24 08:15:16.801
2021-04-24 08:15:17.163,AgileVision Beacon,E6:19:C3:98:50:7C,000000000004,-72.0,2021-04-24 08:15:17.163
2021-04-24 08:15:17.194,AgileVision Beacon,D9:77:0F:A8:70:38,000000000002,-86.0,2021-04-24 08:15:17.194
2021-04-24 08:15:17.201,AgileVision Beacon,C8:7E:06:A7:D7:3E,000000000001,-93.0,2021-04-24 08:15:17.201
2021-04-24 08:15:17.209,AgileVision Beacon,C1:E2:F7:D0:6B:8C,000000000006,-78.0,2021-04-24 08:15:17.209
2021-04-24 08:15:17.215,AgileVision Beacon,FB:48:A7:41:3F:C8,000000000003,-75.0,2021-04-24 08:15:17.215
2021-04-24 08:15:17.396,AgileVision Beacon,D9:77:0F:A8:70:38,000000000002,-83.0,2021-04-24 08:15:17.396
2021-04-24 08:15:17.499,AgileVision Beacon,C8:7E:06:A7:D7:3E,000000000001,-89.0,2021-04-24 08:15:17.499
2021-04-24 08:15:17.574,AgileVision Beacon,F7:7C:03:9B:24:1D,000000000005,-82.0,2021-04-24 08:15:17.574
2021-04-24 08:15:17.578,AgileVision Beacon,E6:19:C3:98:50:7C,000000000004,-76.0,2021-04-24 08:15:17.578
2021-04-24 08:15:17.627,AgileVision Beacon,FB:48:A7:41:3F:C8,000000000003,-67.0,2021-04-24 08:15:17.627
2021-04-24 08:15:17.633,AgileVision Beacon,C1:E2:F7:D0:6B:8C,000000000006,-73.0,2021-04-24 08:15:17.633
2021-04-24 08:15:17.833,AgileVision Beacon,FB:48:A7:41:3F:C8,000000000003,-69.0,2021-04-24 08:15:17.833
2021-04-24 08:15:17.841,AgileVision Beacon,C1:E2:F7:D0:6B:8C,000000000006,-73.0,2021-04-24 08:15:17.841
2021-04-24 08:15:17.984,AgileVision Beacon,F7:7C:03:9B:24:1D,000000000005,-81.0,2021-04-24 08:15:17.984
2021-04-24 08:15:17.996,AgileVision Beacon,E6:19:C3:98:50:7C,000000000004,-76.0,2021-04-24 08:15:17.996
2021-04-24 08:15:18.020,AgileVision Beacon,C8:7E:06:A7:D7:3E,000000000001,-89.0,2021-04-24 08:15:18.020
2021-04-24 08:15:18.027,AgileVision Beacon,D9:77:0F:A8:70:38,000000000002,-82.0,2021-04-24 08:15:18.027
2021-04-24 08:15:18.346,AgileVision Beacon,D9:77:0F:A8:70:38,000000000002,-85.0,2021-04-24 08:15:18.346
2021-04-24 08:15:18.350,AgileVision Beacon,C8:7E:06:A7:D7:3E,000000000001,-90.0,2021-04-24 08:15:18.350
2021-04-24 08:15:18.365,AgileVision Beacon,FB:48:A7:41:3F:C8,000000000003,-69.0,2021-04-24 08:15:18.365
2021-04-24 08:15:18.371,AgileVision Beacon,C1:E2:F7:D0:6B:8C,000000000006,-73.0,2021-04-24 08:15:18.371
2021-04-24 08:15:18.398,AgileVision Beacon,F7:7C:03:9B:24:1D,000000000005,-81.0,2021-04-24 08:15:18.398
2021-04-24 08:15:18.416,AgileVision Beacon,E6:19:C3:98:50:7C,000000000004,-77.0,2021-04-24 08:15:18.416
2021-04-24 08:15:18.580,AgileVision Beacon,FB:48:A7:41:3F:C8,000000000003,-68.0,2021-04-24 08:15:18.580
2021-04-24 08:15:18.691,AgileVision Beacon,C1:E2:F7:D0:6B:8C,000000000006,-73.0,2021-04-24 08:15:18.691
2021-04-24 08:15:18.770,AgileVision Beacon,D9:77:0F:A8:70:38,000000000002,-84.0,2021-04-24 08:15:18.770
2021-04-24 08:15:18.786,AgileVision Beacon,C8:7E:06:A7:D7:3E,000000000001,-89.0,2021-04-24 08:15:18.786
2021-04-24 08:15:18.828,AgileVision Beacon,F7:7C:03:9B:24:1D,000000000005,-82.0,2021-04-24 08:15:18.828
2021-04-24 08:15:18.835,AgileVision Beacon,E6:19:C3:98:50:7C,000000000004,-76.0,2021-04-24 08:15:18.835
2021-04-24 08:15:19.195,AgileVision Beacon,D9:77:0F:A8:70:38,000000000002,-83.0,2021-04-24 08:15:19.195
2021-04-24 08:15:19.203,AgileVision Beacon,C8:7E:06:A7:D7:3E,000000000001,-93.0,2021-04-24 08:15:19.203
2021-04-24 08:15:19.209,AgileVision Beacon,FB:48:A7:41:3F:C8,000000000003,-67.0,2021-04-24 08:15:19.209
2021-04-24 08:15:19.214,AgileVision Beacon,C1:E2:F7:D0:6B:8C,000000000006,-73.0,2021-04-24 08:15:19.214
2021-04-24 08:15:19.237,AgileVision Beacon,F7:7C:03:9B:24:1D,000000000005,-82.0,2021-04-24 08:15:19.237
2021-04-24 08:15:19.252,AgileVision Beacon,E6:19:C3:98:50:7C,000000000004,-76.0,2021-04-24 08:15:19.252
2021-04-24 08:15:19.568,AgileVision Beacon,E6:19:C3:98:50:7C,000000000004,-76.0,2021-04-24 08:15:19.568
2021-04-24 08:15:19.602,AgileVision Beacon,D9:77:0F:A8:70:38,000000000002,-83.0,2021-04-24 08:15:19.602
2021-04-24 08:15:19.608,AgileVision Beacon,C8:7E:06:A7:D7:3E,000000000001,-89.0,2021-04-24 08:15:19.608
2021-04-24 08:15:19.617,AgileVision Beacon,FB:48:A7:41:3F:C8,000000000003,-67.0,2021-04-24 08:15:19.617
2021-04-24 08:15:19.630,AgileVision Beacon,C1:E2:F7:D0:6B:8C,000000000006,-73.0,2021-04-24 08:15:19.630
2021-04-24 08:15:19.662,AgileVision Beacon,F7:7C:03:9B:24:1D,000000000005,-81.0,2021-04-24 08:15:19.662
2021-04-24 08:15:19.923,AgileVision Beacon,D9:77:0F:A8:70:38,000000000002,-83.0,2021-04-24 08:15:19.923
2021-04-24 08:15:19.973,AgileVision Beacon,F7:7C:03:9B:24:1D,000000000005,-81.0,2021-04-24 08:15:19.973
2021-04-24 08:15:19.987,AgileVision Beacon,E6:19:C3:98:50:7C,000000000004,-75.0,2021-04-24 08:15:19.987
2021-04-24 08:15:20.020,AgileVision Beacon,C8:7E:06:A7:D7:3E,000000000001,-89.0,2021-04-24 08:15:20.020
2021-04-24 08:15:20.032,AgileVision Beacon,FB:48:A7:41:3F:C8,000000000003,-67.0,2021-04-24 08:15:20.032
2021-04-24 08:15:20.042,AgileVision Beacon,C1:E2:F7:D0:6B:8C,000000000006,-74.0,2021-04-24 08:15:20.042
2021-04-24 08:15:20.415,AgileVision Beacon,F7:7C:03:9B:24:1D,000000000005,-82.0,2021-04-24 08:15:20.415
2021-04-24 08:15:20.422,AgileVision Beacon,E6:19:C3:98:50:7C,000000000004,-74.0,2021-04-24 08:15:20.422
2021-04-24 08:15:20.448,AgileVision Beacon,C8:7E:06:A7:D7:3E,000000000001,-89.0,2021-04-24 08:15:20.448
2021-04-24 08:15:20.456,AgileVision Beacon,D9:77:0F:A8:70:38,000000000002,-83.0,2021-04-24 08:15:20.456
2021-04-24 08:15:20.462,AgileVision Beacon,FB:48:A7:41:3F:C8,000000000003,-67.0,2021-04-24 08:15:20.462
2021-04-24 08:15:20.467,AgileVision Beacon,C1:E2:F7:D0:6B:8C,000000000006,-74.0,2021-04-24 08:15:20.467
2021-04-24 08:15:20.767,AgileVision Beacon,C1:E2:F7:D0:6B:8C,000000000006,-75.0,2021-04-24 08:15:20.767
2021-04-24 08:15:20.825,AgileVision Beacon,F7:7C:03:9B:24:1D,000000000005,-82.0,2021-04-24 08:15:20.825
2021-04-24 08:15:20.829,AgileVision Beacon,E6:19:C3:98:50:7C,000000000004,-74.0,2021-04-24 08:15:20.829
2021-04-24 08:15:20.858,AgileVision Beacon,C8:7E:06:A7:D7:3E,000000000001,-86.0,2021-04-24 08:15:20.858
2021-04-24 08:15:20.867,AgileVision Beacon,FB:48:A7:41:3F:C8,000000000003,-67.0,2021-04-24 08:15:20.867
2021-04-24 08:15:20.872,AgileVision Beacon,D9:77:0F:A8:70:38,000000000002,-83.0,2021-04-24 08:15:20.872
2021-04-24 08:15:20.964,AgileVision Beacon,C8:7E:06:A7:D7:3E,000000000001,-88.0,2021-04-24 08:15:20.964
2021-04-24 08:15:21.195,AgileVision Beacon,C1:E2:F7:D0:6B:8C,000000000006,-75.0,2021-04-24 08:15:21.195
2021-04-24 08:15:21.201,AgileVision Beacon,D9:77:0F:A8:70:38,000000000002,-83.0,2021-04-24 08:15:21.201
2021-04-24 08:15:21.249,AgileVision Beacon,F7:7C:03:9B:24:1D,000000000005,-83.0,2021-04-24 08:15:21.249
2021-04-24 08:15:21.258,AgileVision Beacon,E6:19:C3:98:50:7C,000000000004,-74.0,2021-04-24 08:15:21.258
2021-04-24 08:15:21.496,AgileVision Beacon,C1:E2:F7:D0:6B:8C,000000000006,-76.0,2021-04-24 08:15:21.496
2021-04-24 08:15:21.515,AgileVision Beacon,D9:77:0F:A8:70:38,000000000002,-84.0,2021-04-24 08:15:21.515
2021-04-24 08:15:21.595,AgileVision Beacon,FB:48:A7:41:3F:C8,000000000003,-66.0,2021-04-24 08:15:21.595
2021-04-24 08:15:21.601,AgileVision Beacon,C8:7E:06:A7:D7:3E,000000000001,-87.0,2021-04-24 08:15:21.601
2021-04-24 08:15:21.678,AgileVision Beacon,E6:19:C3:98:50:7C,000000000004,-74.0,2021-04-24 08:15:21.678
2021-04-24 08:15:21.682,AgileVision Beacon,F7:7C:03:9B:24:1D,000000000005,-84.0,2021-04-24 08:15:21.682
2021-04-24 08:15:21.910,AgileVision Beacon,F7:7C:03:9B:24:1D,000000000005,-84.0,2021-04-24 08:15:21.910
2021-04-24 08:15:21.915,AgileVision Beacon,C8:7E:06:A7:D7:3E,000000000001,-87.0,2021-04-24 08:15:21.915
2021-04-24 08:15:21.996,AgileVision Beacon,E6:19:C3:98:50:7C,000000000004,-74.0,2021-04-24 08:15:21.996
2021-04-24 08:15:22.019,AgileVision Beacon,C1:E2:F7:D0:6B:8C,000000000006,-79.0,2021-04-24 08:15:22.019
2021-04-24 08:15:22.025,AgileVision Beacon,FB:48:A7:41:3F:C8,000000000003,-67.0,2021-04-24 08:15:22.025
2021-04-24 08:15:22.047,AgileVision Beacon,D9:77:0F:A8:70:38,000000000002,-83.0,2021-04-24 08:15:22.047
2021-04-24 08:15:22.133,AgileVision Beacon,C8:7E:06:A7:D7:3E,000000000001,-86.0,2021-04-24 08:15:22.133
2021-04-24 08:15:22.325,AgileVision Beacon,F7:7C:03:9B:24:1D,000000000005,-80.0,2021-04-24 08:15:22.325
2021-04-24 08:15:22.432,AgileVision Beacon,E6:19:C3:98:50:7C,000000000004,-70.0,2021-04-24 08:15:22.432
2021-04-24 08:15:22.440,AgileVision Beacon,C1:E2:F7:D0:6B:8C,000000000006,-68.0,2021-04-24 08:15:22.440
2021-04-24 08:15:22.447,AgileVision Beacon,FB:48:A7:41:3F:C8,000000000003,-70.0,2021-04-24 08:15:22.447
2021-04-24 08:15:22.472,AgileVision Beacon,D9:77:0F:A8:70:38,000000000002,-84.0,2021-04-24 08:15:22.472
2021-04-24 08:15:22.836,AgileVision Beacon,C8:7E:06:A7:D7:3E,000000000001,-86.0,2021-04-24 08:15:22.836
2021-04-24 08:15:22.844,AgileVision Beacon,E6:19:C3:98:50:7C,000000000004,-69.0,2021-04-24 08:15:22.844
2021-04-24 08:15:22.849,AgileVision Beacon,C1:E2:F7:D0:6B:8C,000000000006,-69.0,2021-04-24 08:15:22.849
2021-04-24 08:15:22.856,AgileVision Beacon,F7:7C:03:9B:24:1D,000000000005,-80.0,2021-04-24 08:15:22.856
2021-04-24 08:15:22.861,AgileVision Beacon,FB:48:A7:41:3F:C8,000000000003,-70.0,2021-04-24 08:15:22.861
2021-04-24 08:15:22.886,AgileVision Beacon,D9:77:0F:A8:70:38,000000000002,-82.0,2021-04-24 08:15:22.886
2021-04-24 08:15:23.202,AgileVision Beacon,D9:77:0F:A8:70:38,000000000002,-82.0,2021-04-24 08:15:23.202
2021-04-24 08:15:23.245,AgileVision Beacon,E6:19:C3:98:50:7C,000000000004,-69.0,2021-04-24 08:15:23.245
2021-04-24 08:15:23.253,AgileVision Beacon,C1:E2:F7:D0:6B:8C,000000000006,-68.0,2021-04-24 08:15:23.253
2021-04-24 08:15:23.262,AgileVision Beacon,C8:7E:06:A7:D7:3E,000000000001,-87.0,2021-04-24 08:15:23.262
2021-04-24 08:15:23.266,AgileVision Beacon,F7:7C:03:9B:24:1D,000000000005,-80.0,2021-04-24 08:15:23.266
2021-04-24 08:15:23.275,AgileVision Beacon,FB:48:A7:41:3F:C8,000000000003,-69.0,2021-04-24 08:15:23.275
2021-04-24 08:15:23.615,AgileVision Beacon,D9:77:0F:A8:70:38,000000000002,-82.0,2021-04-24 08:15:23.615
2021-04-24 08:15:23.676,AgileVision Beacon,E6:19:C3:98:50:7C,000000000004,-69.0,2021-04-24 08:15:23.676
2021-04-24 08:15:23.681,AgileVision Beacon,C1:E2:F7:D0:6B:8C,000000000006,-69.0,2021-04-24 08:15:23.681
2021-04-24 08:15:23.687,AgileVision Beacon,C8:7E:06:A7:D7:3E,000000000001,-87.0,2021-04-24 08:15:23.687
2021-04-24 08:15:23.692,AgileVision Beacon,F7:7C:03:9B:24:1D,000000000005,-80.0,2021-04-24 08:15:23.692
2021-04-24 08:15:23.697,AgileVision Beacon,FB:48:A7:41:3F:C8,000000000003,-68.0,2021-04-24 08:15:23.697
2021-04-24 08:15:23.803,AgileVision Beacon,FB:48:A7:41:3F:C8,000000000003,-68.0,2021-04-24 08:15:23.803
2021-04-24 08:15:23.895,AgileVision Beacon,E6:19:C3:98:50:7C,000000000004,-70.0,2021-04-24 08:15:23.895
2021-04-24 08:15:23.901,AgileVision Beacon,C8:7E:06:A7:D7:3E,000000000001,-88.0,2021-04-24 08:15:23.901
2021-04-24 08:15:24.049,AgileVision Beacon,D9:77:0F:A8:70:38,000000000002,-83.0,2021-04-24 08:15:24.049
2021-04-24 08:15:24.109,AgileVision Beacon,C1:E2:F7:D0:6B:8C,000000000006,-69.0,2021-04-24 08:15:24.109
2021-04-24 08:15:24.208,AgileVision Beacon,F7:7C:03:9B:24:1D,000000000005,-81.0,2021-04-24 08:15:24.208
2021-04-24 08:15:24.313,AgileVision Beacon,FB:48:A7:41:3F:C8,000000000003,-73.0,2021-04-24 08:15:24.313
2021-04-24 08:15:24.429,AgileVision Beacon,C8:7E:06:A7:D7:3E,000000000001,-86.0,2021-04-24 08:15:24.429
2021-04-24 08:15:24.508,AgileVision Beacon,E6:19:C3:98:50:7C,000000000004,-70.0,2021-04-24 08:15:24.508
2021-04-24 08:15:24.510,AgileVision Beacon,C1:E2:F7:D0:6B:8C,000000000006,-68.0,2021-04-24 08:15:24.510
2021-04-24 08:15:24.730,AgileVision Beacon,F7:7C:03:9B:24:1D,000000000005,-89.0,2021-04-24 08:15:24.730
2021-04-24 08:15:24.819,AgileVision Beacon,E6:19:C3:98:50:7C,000000000004,-79.0,2021-04-24 08:15:24.819
2021-04-24 08:15:24.829,AgileVision Beacon,C1:E2:F7:D0:6B:8C,000000000006,-68.0,2021-04-24 08:15:24.829
2021-04-24 08:15:24.834,AgileVision Beacon,FB:48:A7:41:3F:C8,000000000003,-70.0,2021-04-24 08:15:24.834
2021-04-24 08:15:24.845,AgileVision Beacon,C8:7E:06:A7:D7:3E,000000000001,-80.0,2021-04-24 08:15:24.845
2021-04-24 08:15:24.874,AgileVision Beacon,D9:77:0F:A8:70:38,000000000002,-81.0,2021-04-24 08:15:24.874
2021-04-24 08:15:25.152,AgileVision Beacon,F7:7C:03:9B:24:1D,000000000005,-76.0,2021-04-24 08:15:25.152
2021-04-24 08:15:25.181,AgileVision Beacon,D9:77:0F:A8:70:38,000000000002,-84.0,2021-04-24 08:15:25.181
2021-04-24 08:15:25.239,AgileVision Beacon,E6:19:C3:98:50:7C,000000000004,-75.0,2021-04-24 08:15:25.239
2021-04-24 08:15:25.248,AgileVision Beacon,FB:48:A7:41:3F:C8,000000000003,-74.0,2021-04-24 08:15:25.248
2021-04-24 08:15:25.252,AgileVision Beacon,C1:E2:F7:D0:6B:8C,000000000006,-68.0,2021-04-24 08:15:25.252
2021-04-24 08:15:25.265,AgileVision Beacon,C8:7E:06:A7:D7:3E,000000000001,-84.0,2021-04-24 08:15:25.265
2021-04-24 08:15:25.653,AgileVision Beacon,E6:19:C3:98:50:7C,000000000004,-76.0,2021-04-24 08:15:25.653
2021-04-24 08:15:25.668,AgileVision Beacon,FB:48:A7:41:3F:C8,000000000003,-78.0,2021-04-24 08:15:25.668
2021-04-24 08:15:25.673,AgileVision Beacon,F7:7C:03:9B:24:1D,000000000005,-76.0,2021-04-24 08:15:25.673
2021-04-24 08:15:25.682,AgileVision Beacon,C1:E2:F7:D0:6B:8C,000000000006,-70.0,2021-04-24 08:15:25.682
2021-04-24 08:15:25.687,AgileVision Beacon,C8:7E:06:A7:D7:3E,000000000001,-85.0,2021-04-24 08:15:25.687
2021-04-24 08:15:25.708,AgileVision Beacon,D9:77:0F:A8:70:38,000000000002,-79.0,2021-04-24 08:15:25.708
2021-04-24 08:15:25.991,AgileVision Beacon,F7:7C:03:9B:24:1D,000000000005,-83.0,2021-04-24 08:15:25.991
2021-04-24 08:15:25.998,AgileVision Beacon,C1:E2:F7:D0:6B:8C,000000000006,-73.0,2021-04-24 08:15:25.998
2021-04-24 08:15:26.055,AgileVision Beacon,E6:19:C3:98:50:7C,000000000004,-71.0,2021-04-24 08:15:26.055
2021-04-24 08:15:26.085,AgileVision Beacon,FB:48:A7:41:3F:C8,000000000003,-75.0,2021-04-24 08:15:26.085
2021-04-24 08:15:26.127,AgileVision Beacon,C8:7E:06:A7:D7:3E,000000000001,-93.0,2021-04-24 08:15:26.127
2021-04-24 08:15:26.134,AgileVision Beacon,D9:77:0F:A8:70:38,000000000002,-80.0,2021-04-24 08:15:26.134
2021-04-24 08:15:26.317,AgileVision Beacon,F7:7C:03:9B:24:1D,000000000005,-74.0,2021-04-24 08:15:26.317
2021-04-24 08:15:26.338,AgileVision Beacon,D9:77:0F:A8:70:38,000000000002,-83.0,2021-04-24 08:15:26.338
2021-04-24 08:15:26.404,AgileVision Beacon,C1:E2:F7:D0:6B:8C,000000000006,-66.0,2021-04-24 08:15:26.404
2021-04-24 08:15:26.408,AgileVision Beacon,FB:48:A7:41:3F:C8,000000000003,-75.0,2021-04-24 08:15:26.408
2021-04-24 08:15:26.475,AgileVision Beacon,E6:19:C3:98:50:7C,000000000004,-76.0,2021-04-24 08:15:26.475
2021-04-24 08:15:26.539,AgileVision Beacon,C8:7E:06:A7:D7:3E,000000000001,-84.0,2021-04-24 08:15:26.539
2021-04-24 08:15:26.753,AgileVision Beacon,D9:77:0F:A8:70:38,000000000002,-85.0,2021-04-24 08:15:26.753
2021-04-24 08:15:26.856,AgileVision Beacon,C8:7E:06:A7:D7:3E,000000000001,-80.0,2021-04-24 08:15:26.856
2021-04-24 08:15:26.889,AgileVision Beacon,E6:19:C3:98:50:7C,000000000004,-80.0,2021-04-24 08:15:26.889
2021-04-24 08:15:26.930,AgileVision Beacon,F7:7C:03:9B:24:1D,000000000005,-71.0,2021-04-24 08:15:26.930
2021-04-24 08:15:26.935,AgileVision Beacon,C1:E2:F7:D0:6B:8C,000000000006,-55.0,2021-04-24 08:15:26.935
2021-04-24 08:15:26.939,AgileVision Beacon,FB:48:A7:41:3F:C8,000000000003,-86.0,2021-04-24 08:15:26.939
2021-04-24 08:15:27.250,AgileVision Beacon,C1:E2:F7:D0:6B:8C,000000000006,-54.0,2021-04-24 08:15:27.250
2021-04-24 08:15:27.256,AgileVision Beacon,FB:48:A7:41:3F:C8,000000000003,-77.0,2021-04-24 08:15:27.256
2021-04-24 08:15:27.267,AgileVision Beacon,D9:77:0F:A8:70:38,000000000002,-75.0,2021-04-24 08:15:27.267
2021-04-24 08:15:27.277,AgileVision Beacon,C8:7E:06:A7:D7:3E,000000000001,-81.0,2021-04-24 08:15:27.277
2021-04-24 08:15:27.322,AgileVision Beacon,E6:19:C3:98:50:7C,000000000004,-82.0,2021-04-24 08:15:27.322
2021-04-24 08:15:27.335,AgileVision Beacon,F7:7C:03:9B:24:1D,000000000005,-73.0,2021-04-24 08:15:27.335
2021-04-24 08:15:27.653,AgileVision Beacon,F7:7C:03:9B:24:1D,000000000005,-71.0,2021-04-24 08:15:27.653
2021-04-24 08:15:27.675,AgileVision Beacon,FB:48:A7:41:3F:C8,000000000003,-72.0,2021-04-24 08:15:27.675
2021-04-24 08:15:27.681,AgileVision Beacon,C1:E2:F7:D0:6B:8C,000000000006,-60.0,2021-04-24 08:15:27.681
2021-04-24 08:15:27.687,AgileVision Beacon,D9:77:0F:A8:70:38,000000000002,-90.0,2021-04-24 08:15:27.687
2021-04-24 08:15:27.697,AgileVision Beacon,C8:7E:06:A7:D7:3E,000000000001,-78.0,2021-04-24 08:15:27.697
2021-04-24 08:15:27.756,AgileVision Beacon,E6:19:C3:98:50:7C,000000000004,-82.0,2021-04-24 08:15:27.756
2021-04-24 08:15:28.054,AgileVision Beacon,E6:19:C3:98:50:7C,000000000004,-85.0,2021-04-24 08:15:28.054
2021-04-24 08:15:28.066,AgileVision Beacon,F7:7C:03:9B:24:1D,000000000005,-84.0,2021-04-24 08:15:28.066
2021-04-24 08:15:28.083,AgileVision Beacon,FB:48:A7:41:3F:C8,000000000003,-79.0,2021-04-24 08:15:28.083
2021-04-24 08:15:28.089,AgileVision Beacon,C1:E2:F7:D0:6B:8C,000000000006,-58.0,2021-04-24 08:15:28.089
2021-04-24 08:15:28.100,AgileVision Beacon,D9:77:0F:A8:70:38,000000000002,-76.0,2021-04-24 08:15:28.100
2021-04-24 08:15:28.119,AgileVision Beacon,C8:7E:06:A7:D7:3E,000000000001,-76.0,2021-04-24 08:15:28.119
2021-04-24 08:15:28.392,AgileVision Beacon,FB:48:A7:41:3F:C8,000000000003,-87.0,2021-04-24 08:15:28.392
2021-04-24 08:15:28.469,AgileVision Beacon,E6:19:C3:98:50:7C,000000000004,-88.0,2021-04-24 08:15:28.469
2021-04-24 08:15:28.482,AgileVision Beacon,F7:7C:03:9B:24:1D,000000000005,-59.0,2021-04-24 08:15:28.482
2021-04-24 08:15:28.506,AgileVision Beacon,C1:E2:F7:D0:6B:8C,000000000006,-64.0,2021-04-24 08:15:28.506
2021-04-24 08:15:28.519,AgileVision Beacon,D9:77:0F:A8:70:38,000000000002,-78.0,2021-04-24 08:15:28.519
2021-04-24 08:15:28.548,AgileVision Beacon,C8:7E:06:A7:D7:3E,000000000001,-81.0,2021-04-24 08:15:28.548
2021-04-24 08:15:28.897,AgileVision Beacon,E6:19:C3:98:50:7C,000000000004,-90.0,2021-04-24 08:15:28.897
2021-04-24 08:15:28.907,AgileVision Beacon,F7:7C:03:9B:24:1D,000000000005,-71.0,2021-04-24 08:15:28.907
2021-04-24 08:15:28.915,AgileVision Beacon,C1:E2:F7:D0:6B:8C,000000000006,-80.0,2021-04-24 08:15:28.915
2021-04-24 08:15:28.920,AgileVision Beacon,FB:48:A7:41:3F:C8,000000000003,-90.0,2021-04-24 08:15:28.920
2021-04-24 08:15:28.934,AgileVision Beacon,D9:77:0F:A8:70:38,000000000002,-84.0,2021-04-24 08:15:28.934
2021-04-24 08:15:28.964,AgileVision Beacon,C8:7E:06:A7:D7:3E,000000000001,-74.0,2021-04-24 08:15:28.964
2021-04-24 08:15:29.220,AgileVision Beacon,F7:7C:03:9B:24:1D,000000000005,-64.0,2021-04-24 08:15:29.220
2021-04-24 08:15:29.290,AgileVision Beacon,C8:7E:06:A7:D7:3E,000000000001,-74.0,2021-04-24 08:15:29.290
2021-04-24 08:15:29.322,AgileVision Beacon,E6:19:C3:98:50:7C,000000000004,-87.0,2021-04-24 08:15:29.322
2021-04-24 08:15:29.345,AgileVision Beacon,C1:E2:F7:D0:6B:8C,000000000006,-77.0,2021-04-24 08:15:29.345
2021-04-24 08:15:29.353,AgileVision Beacon,D9:77:0F:A8:70:38,000000000002,-78.0,2021-04-24 08:15:29.353
2021-04-24 08:15:29.640,AgileVision Beacon,C1:E2:F7:D0:6B:8C,000000000006,-69.0,2021-04-24 08:15:29.640
2021-04-24 08:15:29.702,AgileVision Beacon,C8:7E:06:A7:D7:3E,000000000001,-69.0,2021-04-24 08:15:29.702
2021-04-24 08:15:29.728,AgileVision Beacon,E6:19:C3:98:50:7C,000000000004,-80.0,2021-04-24 08:15:29.728
2021-04-24 08:15:29.738,AgileVision Beacon,FB:48:A7:41:3F:C8,000000000003,-88.0,2021-04-24 08:15:29.738
2021-04-24 08:15:29.754,AgileVision Beacon,F7:7C:03:9B:24:1D,000000000005,-67.0,2021-04-24 08:15:29.754
2021-04-24 08:15:29.757,AgileVision Beacon,D9:77:0F:A8:70:38,000000000002,-76.0,2021-04-24 08:15:29.757
2021-04-24 08:15:30.084,AgileVision Beacon,D9:77:0F:A8:70:38,000000000002,-74.0,2021-04-24 08:15:30.084
2021-04-24 08:15:30.126,AgileVision Beacon,C8:7E:06:A7:D7:3E,000000000001,-74.0,2021-04-24 08:15:30.126
2021-04-24 08:15:30.139,AgileVision Beacon,E6:19:C3:98:50:7C,000000000004,-80.0,2021-04-24 08:15:30.139
2021-04-24 08:15:30.156,AgileVision Beacon,FB:48:A7:41:3F:C8,000000000003,-80.0,2021-04-24 08:15:30.156
2021-04-24 08:15:30.163,AgileVision Beacon,C1:E2:F7:D0:6B:8C,000000000006,-94.0,2021-04-24 08:15:30.163
2021-04-24 08:15:30.175,AgileVision Beacon,F7:7C:03:9B:24:1D,000000000005,-68.0,2021-04-24 08:15:30.175
2021-04-24 08:15:30.451,AgileVision Beacon,C8:7E:06:A7:D7:3E,000000000001,-83.0,2021-04-24 08:15:30.451
2021-04-24 08:15:30.459,AgileVision Beacon,E6:19:C3:98:50:7C,000000000004,-86.0,2021-04-24 08:15:30.459
2021-04-24 08:15:30.481,AgileVision Beacon,C1:E2:F7:D0:6B:8C,000000000006,-75.0,2021-04-24 08:15:30.481
2021-04-24 08:15:30.498,AgileVision Beacon,F7:7C:03:9B:24:1D,000000000005,-74.0,2021-04-24 08:15:30.498
2021-04-24 08:15:30.517,AgileVision Beacon,D9:77:0F:A8:70:38,000000000002,-92.0,2021-04-24 08:15:30.517
2021-04-24 08:15:30.583,AgileVision Beacon,FB:48:A7:41:3F:C8,000000000003,-88.0,2021-04-24 08:15:30.583
2021-04-24 08:15:30.809,AgileVision Beacon,F7:7C:03:9B:24:1D,000000000005,-78.0,2021-04-24 08:15:30.809
2021-04-24 08:15:30.903,AgileVision Beacon,FB:48:A7:41:3F:C8,000000000003,-85.0,2021-04-24 08:15:30.903
2021-04-24 08:15:30.908,AgileVision Beacon,C1:E2:F7:D0:6B:8C,000000000006,-72.0,2021-04-24 08:15:30.908
2021-04-24 08:15:30.951,AgileVision Beacon,D9:77:0F:A8:70:38,000000000002,-85.0,2021-04-24 08:15:30.951
2021-04-24 08:15:30.964,AgileVision Beacon,C8:7E:06:A7:D7:3E,000000000001,-72.0,2021-04-24 08:15:30.964
2021-04-24 08:15:30.975,AgileVision Beacon,E6:19:C3:98:50:7C,000000000004,-96.0,2021-04-24 08:15:30.975
2021-04-24 08:15:31.034,AgileVision Beacon,C1:E2:F7:D0:6B:8C,000000000006,-75.0,2021-04-24 08:15:31.034
2021-04-24 08:15:31.218,AgileVision Beacon,FB:48:A7:41:3F:C8,000000000003,-92.0,2021-04-24 08:15:31.218
2021-04-24 08:15:31.296,AgileVision Beacon,E6:19:C3:98:50:7C,000000000004,-87.0,2021-04-24 08:15:31.296
2021-04-24 08:15:31.337,AgileVision Beacon,F7:7C:03:9B:24:1D,000000000005,-74.0,2021-04-24 08:15:31.337
2021-04-24 08:15:31.366,AgileVision Beacon,D9:77:0F:A8:70:38,000000000002,-72.0,2021-04-24 08:15:31.366
2021-04-24 08:15:31.382,AgileVision Beacon,C8:7E:06:A7:D7:3E,000000000001,-72.0,2021-04-24 08:15:31.382
2021-04-24 08:15:31.611,AgileVision Beacon,E6:19:C3:98:50:7C,000000000004,-90.0,2021-04-24 08:15:31.611
2021-04-24 08:15:31.639,AgileVision Beacon,C1:E2:F7:D0:6B:8C,000000000006,-77.0,2021-04-24 08:15:31.639
2021-04-24 08:15:31.708,AgileVision Beacon,C8:7E:06:A7:D7:3E,000000000001,-70.0,2021-04-24 08:15:31.708
2021-04-24 08:15:31.739,AgileVision Beacon,FB:48:A7:41:3F:C8,000000000003,-86.0,2021-04-24 08:15:31.739
2021-04-24 08:15:31.759,AgileVision Beacon,F7:7C:03:9B:24:1D,000000000005,-73.0,2021-04-24 08:15:31.759
2021-04-24 08:15:31.780,AgileVision Beacon,D9:77:0F:A8:70:38,000000000002,-71.0,2021-04-24 08:15:31.780
2021-04-24 08:15:32.139,AgileVision Beacon,C8:7E:06:A7:D7:3E,000000000001,-67.0,2021-04-24 08:15:32.139
2021-04-24 08:15:32.145,AgileVision Beacon,E6:19:C3:98:50:7C,000000000004,-87.0,2021-04-24 08:15:32.145
2021-04-24 08:15:32.149,AgileVision Beacon,FB:48:A7:41:3F:C8,000000000003,-94.0,2021-04-24 08:15:32.149
2021-04-24 08:15:32.161,AgileVision Beacon,C1:E2:F7:D0:6B:8C,000000000006,-80.0,2021-04-24 08:15:32.161
2021-04-24 08:15:32.187,AgileVision Beacon,F7:7C:03:9B:24:1D,000000000005,-74.0,2021-04-24 08:15:32.187
2021-04-24 08:15:32.197,AgileVision Beacon,D9:77:0F:A8:70:38,000000000002,-68.0,2021-04-24 08:15:32.197
2021-04-24 08:15:32.391,AgileVision Beacon,F7:7C:03:9B:24:1D,000000000005,-67.0,2021-04-24 08:15:32.391
2021-04-24 08:15:32.439,AgileVision Beacon,E6:19:C3:98:50:7C,000000000004,-85.0,2021-04-24 08:15:32.439
2021-04-24 08:15:32.449,AgileVision Beacon,FB:48:A7:41:3F:C8,000000000003,-90.0,2021-04-24 08:15:32.449
2021-04-24 08:15:32.542,AgileVision Beacon,C8:7E:06:A7:D7:3E,000000000001,-70.0,2021-04-24 08:15:32.542
2021-04-24 08:15:32.576,AgileVision Beacon,C1:E2:F7:D0:6B:8C,000000000006,-83.0,2021-04-24 08:15:32.576
2021-04-24 08:15:32.594,AgileVision Beacon,D9:77:0F:A8:70:38,000000000002,-73.0,2021-04-24 08:15:32.594
2021-04-24 08:15:32.651,AgileVision Beacon,E6:19:C3:98:50:7C,000000000004,-89.0,2021-04-24 08:15:32.651
2021-04-24 08:15:32.761,AgileVision Beacon,FB:48:A7:41:3F:C8,000000000003,-85.0,2021-04-24 08:15:32.761
2021-04-24 08:15:32.916,AgileVision Beacon,D9:77:0F:A8:70:38,000000000002,-73.0,2021-04-24 08:15:32.916
2021-04-24 08:15:32.919,AgileVision Beacon,F7:7C:03:9B:24:1D,000000000005,-67.0,2021-04-24 08:15:32.919
2021-04-24 08:15:32.954,AgileVision Beacon,C8:7E:06:A7:D7:3E,000000000001,-72.0,2021-04-24 08:15:32.954
2021-04-24 08:15:33.005,AgileVision Beacon,C1:E2:F7:D0:6B:8C,000000000006,-79.0,2021-04-24 08:15:33.005
2021-04-24 08:15:33.287,AgileVision Beacon,FB:48:A7:41:3F:C8,000000000003,-92.0,2021-04-24 08:15:33.287
2021-04-24 08:15:33.326,AgileVision Beacon,C1:E2:F7:D0:6B:8C,000000000006,-82.0,2021-04-24 08:15:33.326
2021-04-24 08:15:33.330,AgileVision Beacon,D9:77:0F:A8:70:38,000000000002,-71.0,2021-04-24 08:15:33.330
2021-04-24 08:15:33.342,AgileVision Beacon,F7:7C:03:9B:24:1D,000000000005,-75.0,2021-04-24 08:15:33.342
2021-04-24 08:15:33.371,AgileVision Beacon,C8:7E:06:A7:D7:3E,000000000001,-72.0,2021-04-24 08:15:33.371
2021-04-24 08:15:33.389,AgileVision Beacon,E6:19:C3:98:50:7C,000000000004,-90.0,2021-04-24 08:15:33.389
2021-04-24 08:15:33.697,AgileVision Beacon,FB:48:A7:41:3F:C8,000000000003,-86.0,2021-04-24 08:15:33.697
2021-04-24 08:15:33.736,AgileVision Beacon,D9:77:0F:A8:70:38,000000000002,-70.0,2021-04-24 08:15:33.736
2021-04-24 08:15:33.748,AgileVision Beacon,C1:E2:F7:D0:6B:8C,000000000006,-77.0,2021-04-24 08:15:33.748
2021-04-24 08:15:33.761,AgileVision Beacon,F7:7C:03:9B:24:1D,000000000005,-76.0,2021-04-24 08:15:33.761
2021-04-24 08:15:33.794,AgileVision Beacon,C8:7E:06:A7:D7:3E,000000000001,-69.0,2021-04-24 08:15:33.794
2021-04-24 08:15:33.804,AgileVision Beacon,E6:19:C3:98:50:7C,000000000004,-86.0,2021-04-24 08:15:33.804
2021-04-24 08:15:34.029,AgileVision Beacon,FB:48:A7:41:3F:C8,000000000003,-83.0,2021-04-24 08:15:34.029
2021-04-24 08:15:34.127,AgileVision Beacon,C8:7E:06:A7:D7:3E,000000000001,-70.0,2021-04-24 08:15:34.127
2021-04-24 08:15:34.136,AgileVision Beacon,E6:19:C3:98:50:7C,000000000004,-88.0,2021-04-24 08:15:34.136
2021-04-24 08:15:34.162,AgileVision Beacon,D9:77:0F:A8:70:38,000000000002,-72.0,2021-04-24 08:15:34.162
2021-04-24 08:15:34.186,AgileVision Beacon,C1:E2:F7:D0:6B:8C,000000000006,-83.0,2021-04-24 08:15:34.186
2021-04-24 08:15:34.196,AgileVision Beacon,F7:7C:03:9B:24:1D,000000000005,-69.0,2021-04-24 08:15:34.196
2021-04-24 08:15:34.436,AgileVision Beacon,FB:48:A7:41:3F:C8,000000000003,-80.0,2021-04-24 08:15:34.436
2021-04-24 08:15:34.535,AgileVision Beacon,C8:7E:06:A7:D7:3E,000000000001,-73.0,2021-04-24 08:15:34.535
2021-04-24 08:15:34.547,AgileVision Beacon,E6:19:C3:98:50:7C,000000000004,-76.0,2021-04-24 08:15:34.547
2021-04-24 08:15:34.577,AgileVision Beacon,D9:77:0F:A8:70:38,000000000002,-81.0,2021-04-24 08:15:34.577
2021-04-24 08:15:34.592,AgileVision Beacon,C1:E2:F7:D0:6B:8C,000000000006,-84.0,2021-04-24 08:15:34.592
2021-04-24 08:15:34.616,AgileVision Beacon,F7:7C:03:9B:24:1D,000000000005,-87.0,2021-04-24 08:15:34.616
2021-04-24 08:15:34.856,AgileVision Beacon,C8:7E:06:A7:D7:3E,000000000001,-86.0,2021-04-24 08:15:34.856
2021-04-24 08:15:34.960,AgileVision Beacon,FB:48:A7:41:3F:C8,000000000003,-79.0,2021-04-24 08:15:34.960
2021-04-24 08:15:34.968,AgileVision Beacon,E6:19:C3:98:50:7C,000000000004,-81.0,2021-04-24 08:15:34.968
2021-04-24 08:15:35.001,AgileVision Beacon,D9:77:0F:A8:70:38,000000000002,-71.0,2021-04-24 08:15:35.001
2021-04-24 08:15:35.013,AgileVision Beacon,C1:E2:F7:D0:6B:8C,000000000006,-77.0,2021-04-24 08:15:35.013
2021-04-24 08:15:35.023,AgileVision Beacon,F7:7C:03:9B:24:1D,000000000005,-65.0,2021-04-24 08:15:35.023
2021-04-24 08:15:35.282,AgileVision Beacon,E6:19:C3:98:50:7C,000000000004,-86.0,2021-04-24 08:15:35.282
2021-04-24 08:15:35.340,AgileVision Beacon,C1:E2:F7:D0:6B:8C,000000000006,-74.0,2021-04-24 08:15:35.340
2021-04-24 08:15:35.346,AgileVision Beacon,F7:7C:03:9B:24:1D,000000000005,-70.0,2021-04-24 08:15:35.346
2021-04-24 08:15:35.368,AgileVision Beacon,C8:7E:06:A7:D7:3E,000000000001,-74.0,2021-04-24 08:15:35.368
2021-04-24 08:15:35.380,AgileVision Beacon,FB:48:A7:41:3F:C8,000000000003,-78.0,2021-04-24 08:15:35.380
2021-04-24 08:15:35.417,AgileVision Beacon,D9:77:0F:A8:70:38,000000000002,-68.0,2021-04-24 08:15:35.417
2021-04-24 08:15:35.712,AgileVision Beacon,E6:19:C3:98:50:7C,000000000004,-79.0,2021-04-24 08:15:35.712
2021-04-24 08:15:35.733,AgileVision Beacon,D9:77:0F:A8:70:38,000000000002,-68.0,2021-04-24 08:15:35.733
2021-04-24 08:15:35.753,AgileVision Beacon,C1:E2:F7:D0:6B:8C,000000000006,-71.0,2021-04-24 08:15:35.753
2021-04-24 08:15:35.763,AgileVision Beacon,F7:7C:03:9B:24:1D,000000000005,-64.0,2021-04-24 08:15:35.763
2021-04-24 08:15:35.789,AgileVision Beacon,C8:7E:06:A7:D7:3E,000000000001,-88.0,2021-04-24 08:15:35.789
2021-04-24 08:15:35.800,AgileVision Beacon,FB:48:A7:41:3F:C8,000000000003,-76.0,2021-04-24 08:15:35.800
2021-04-24 08:15:36.131,AgileVision Beacon,E6:19:C3:98:50:7C,000000000004,-88.0,2021-04-24 08:15:36.131
2021-04-24 08:15:36.154,AgileVision Beacon,D9:77:0F:A8:70:38,000000000002,-73.0,2021-04-24 08:15:36.154
2021-04-24 08:15:36.179,AgileVision Beacon,C1:E2:F7:D0:6B:8C,000000000006,-76.0,2021-04-24 08:15:36.179
2021-04-24 08:15:36.186,AgileVision Beacon,F7:7C:03:9B:24:1D,000000000005,-73.0,2021-04-24 08:15:36.186
2021-04-24 08:15:36.213,AgileVision Beacon,C8:7E:06:A7:D7:3E,000000000001,-66.0,2021-04-24 08:15:36.213
2021-04-24 08:15:36.220,AgileVision Beacon,FB:48:A7:41:3F:C8,000000000003,-80.0,2021-04-24 08:15:36.220
2021-04-24 08:15:36.495,AgileVision Beacon,C1:E2:F7:D0:6B:8C,000000000006,-84.0,2021-04-24 08:15:36.495
2021-04-24 08:15:36.531,AgileVision Beacon,C8:7E:06:A7:D7:3E,000000000001,-73.0,2021-04-24 08:15:36.531
2021-04-24 08:15:36.553,AgileVision Beacon,E6:19:C3:98:50:7C,000000000004,-91.0,2021-04-24 08:15:36.553
2021-04-24 08:15:36.587,AgileVision Beacon,D9:77:0F:A8:70:38,000000000002,-61.0,2021-04-24 08:15:36.587
2021-04-24 08:15:36.604,AgileVision Beacon,F7:7C:03:9B:24:1D,000000000005,-73.0,2021-04-24 08:15:36.604
2021-04-24 08:15:36.635,AgileVision Beacon,FB:48:A7:41:3F:C8,000000000003,-85.0,2021-04-24 08:15:36.635
2021-04-24 08:15:36.700,AgileVision Beacon,C1:E2:F7:D0:6B:8C,000000000006,-82.0,2021-04-24 08:15:36.700
2021-04-24 08:15:36.963,AgileVision Beacon,FB:48:A7:41:3F:C8,000000000003,-82.0,2021-04-24 08:15:36.963
2021-04-24 08:15:36.973,AgileVision Beacon,C8:7E:06:A7:D7:3E,000000000001,-66.0,2021-04-24 08:15:36.973
2021-04-24 08:15:36.980,AgileVision Beacon,E6:19:C3:98:50:7C,000000000004,-86.0,2021-04-24 08:15:36.980
2021-04-24 08:15:37.008,AgileVision Beacon,D9:77:0F:A8:70:38,000000000002,-70.0,2021-04-24 08:15:37.008
2021-04-24 08:15:37.125,AgileVision Beacon,C1:E2:F7:D0:6B:8C,000000000006,-75.0,2021-04-24 08:15:37.125
2021-04-24 08:15:37.230,AgileVision Beacon,F7:7C:03:9B:24:1D,000000000005,-84.0,2021-04-24 08:15:37.230
2021-04-24 08:15:37.381,AgileVision Beacon,FB:48:A7:41:3F:C8,000000000003,-81.0,2021-04-24 08:15:37.381
2021-04-24 08:15:37.387,AgileVision Beacon,C8:7E:06:A7:D7:3E,000000000001,-71.0,2021-04-24 08:15:37.387
2021-04-24 08:15:37.404,AgileVision Beacon,E6:19:C3:98:50:7C,000000000004,-88.0,2021-04-24 08:15:37.404
2021-04-24 08:15:37.415,AgileVision Beacon,D9:77:0F:A8:70:38,000000000002,-66.0,2021-04-24 08:15:37.415
2021-04-24 08:15:37.608,AgileVision Beacon,E6:19:C3:98:50:7C,000000000004,-95.0,2021-04-24 08:15:37.608
2021-04-24 08:15:37.635,AgileVision Beacon,D9:77:0F:A8:70:38,000000000002,-66.0,2021-04-24 08:15:37.635
2021-04-24 08:15:37.754,AgileVision Beacon,F7:7C:03:9B:24:1D,000000000005,-84.0,2021-04-24 08:15:37.754
2021-04-24 08:15:37.802,AgileVision Beacon,FB:48:A7:41:3F:C8,000000000003,-79.0,2021-04-24 08:15:37.802
2021-04-24 08:15:37.808,AgileVision Beacon,C8:7E:06:A7:D7:3E,000000000001,-68.0,2021-04-24 08:15:37.808
2021-04-24 08:15:37.851,AgileVision Beacon,C1:E2:F7:D0:6B:8C,000000000006,-76.0,2021-04-24 08:15:37.851
2021-04-24 08:15:38.162,AgileVision Beacon,D9:77:0F:A8:70:38,000000000002,-63.0,2021-04-24 08:15:38.162
2021-04-24 08:15:38.170,AgileVision Beacon,C1:E2:F7:D0:6B:8C,000000000006,-74.0,2021-04-24 08:15:38.170
2021-04-24 08:15:38.177,AgileVision Beacon,F7:7C:03:9B:24:1D,000000000005,-92.0,2021-04-24 08:15:38.177
2021-04-24 08:15:38.202,AgileVision Beacon,FB:48:A7:41:3F:C8,000000000003,-80.0,2021-04-24 08:15:38.202
2021-04-24 08:15:38.211,AgileVision Beacon,C8:7E:06:A7:D7:3E,000000000001,-64.0,2021-04-24 08:15:38.211
2021-04-24 08:15:38.239,AgileVision Beacon,E6:19:C3:98:50:7C,000000000004,-97.0,2021-04-24 08:15:38.239
2021-04-24 08:15:38.485,AgileVision Beacon,F7:7C:03:9B:24:1D,000000000005,-90.0,2021-04-24 08:15:38.485
2021-04-24 08:15:38.566,AgileVision Beacon,D9:77:0F:A8:70:38,000000000002,-64.0,2021-04-24 08:15:38.566
2021-04-24 08:15:38.574,AgileVision Beacon,C1:E2:F7:D0:6B:8C,000000000006,-73.0,2021-04-24 08:15:38.574
2021-04-24 08:15:38.627,AgileVision Beacon,FB:48:A7:41:3F:C8,000000000003,-80.0,2021-04-24 08:15:38.627
2021-04-24 08:15:38.633,AgileVision Beacon,C8:7E:06:A7:D7:3E,000000000001,-63.0,2021-04-24 08:15:38.633
2021-04-24 08:15:38.973,AgileVision Beacon,E6:19:C3:98:50:7C,000000000004,-93.0,2021-04-24 08:15:38.973
2021-04-24 08:15:38.978,AgileVision Beacon,D9:77:0F:A8:70:38,000000000002,-64.0,2021-04-24 08:15:38.978
2021-04-24 08:15:39.000,AgileVision Beacon,C1:E2:F7:D0:6B:8C,000000000006,-75.0,2021-04-24 08:15:39.000
2021-04-24 08:15:39.006,AgileVision Beacon,F7:7C:03:9B:24:1D,000000000005,-77.0,2021-04-24 08:15:39.006
2021-04-24 08:15:39.047,AgileVision Beacon,FB:48:A7:41:3F:C8,000000000003,-80.0,2021-04-24 08:15:39.047
2021-04-24 08:15:39.055,AgileVision Beacon,C8:7E:06:A7:D7:3E,000000000001,-63.0,2021-04-24 08:15:39.055
2021-04-24 08:15:39.290,AgileVision Beacon,E6:19:C3:98:50:7C,000000000004,-92.0,2021-04-24 08:15:39.290
2021-04-24 08:15:39.321,AgileVision Beacon,F7:7C:03:9B:24:1D,000000000005,-75.0,2021-04-24 08:15:39.321
2021-04-24 08:15:39.399,AgileVision Beacon,D9:77:0F:A8:70:38,000000000002,-64.0,2021-04-24 08:15:39.399
2021-04-24 08:15:39.418,AgileVision Beacon,C1:E2:F7:D0:6B:8C,000000000006,-75.0,2021-04-24 08:15:39.418
2021-04-24 08:15:39.471,AgileVision Beacon,FB:48:A7:41:3F:C8,000000000003,-80.0,2021-04-24 08:15:39.471
2021-04-24 08:15:39.476,AgileVision Beacon,C8:7E:06:A7:D7:3E,000000000001,-63.0,2021-04-24 08:15:39.476
2021-04-24 08:15:39.638,AgileVision Beacon,F7:7C:03:9B:24:1D,000000000005,-78.0,2021-04-24 08:15:39.638
2021-04-24 08:15:39.788,AgileVision Beacon,FB:48:A7:41:3F:C8,000000000003,-80.0,2021-04-24 08:15:39.788
2021-04-24 08:15:39.795,AgileVision Beacon,C8:7E:06:A7:D7:3E,000000000001,-63.0,2021-04-24 08:15:39.795
2021-04-24 08:15:39.807,AgileVision Beacon,D9:77:0F:A8:70:38,000000000002,-62.0,2021-04-24 08:15:39.807
2021-04-24 08:15:39.849,AgileVision Beacon,C1:E2:F7:D0:6B:8C,000000000006,-75.0,2021-04-24 08:15:39.849
2021-04-24 08:15:40.205,AgileVision Beacon,FB:48:A7:41:3F:C8,000000000003,-81.0,2021-04-24 08:15:40.205
2021-04-24 08:15:40.212,AgileVision Beacon,C8:7E:06:A7:D7:3E,000000000001,-64.0,2021-04-24 08:15:40.212
2021-04-24 08:15:40.233,AgileVision Beacon,D9:77:0F:A8:70:38,000000000002,-61.0,2021-04-24 08:15:40.233
2021-04-24 08:15:40.262,AgileVision Beacon,C1:E2:F7:D0:6B:8C,000000000006,-75.0,2021-04-24 08:15:40.262
2021-04-24 08:15:40.270,AgileVision Beacon,F7:7C:03:9B:24:1D,000000000005,-73.0,2021-04-24 08:15:40.270
2021-04-24 08:15:40.337,AgileVision Beacon,D9:77:0F:A8:70:38,000000000002,-62.0,2021-04-24 08:15:40.337
2021-04-24 08:15:40.618,AgileVision Beacon,FB:48:A7:41:3F:C8,000000000003,-81.0,2021-04-24 08:15:40.618
2021-04-24 08:15:40.628,AgileVision Beacon,C8:7E:06:A7:D7:3E,000000000001,-64.0,2021-04-24 08:15:40.628
2021-04-24 08:15:40.683,AgileVision Beacon,C1:E2:F7:D0:6B:8C,000000000006,-75.0,2021-04-24 08:15:40.683
2021-04-24 08:15:40.691,AgileVision Beacon,F7:7C:03:9B:24:1D,000000000005,-74.0,2021-04-24 08:15:40.691
2021-04-24 08:15:41.006,AgileVision Beacon,F7:7C:03:9B:24:1D,000000000005,-72.0,2021-04-24 08:15:41.006
2021-04-24 08:15:41.029,AgileVision Beacon,FB:48:A7:41:3F:C8,000000000003,-81.0,2021-04-24 08:15:41.029
2021-04-24 08:15:41.045,AgileVision Beacon,C8:7E:06:A7:D7:3E,000000000001,-63.0,2021-04-24 08:15:41.045
2021-04-24 08:15:41.077,AgileVision Beacon,D9:77:0F:A8:70:38,000000000002,-61.0,2021-04-24 08:15:41.077
2021-04-24 08:15:41.096,AgileVision Beacon,C1:E2:F7:D0:6B:8C,000000000006,-76.0,2021-04-24 08:15:41.096
2021-04-24 08:15:41.410,AgileVision Beacon,C1:E2:F7:D0:6B:8C,000000000006,-75.0,2021-04-24 08:15:41.410
2021-04-24 08:15:41.416,AgileVision Beacon,F7:7C:03:9B:24:1D,000000000005,-73.0,2021-04-24 08:15:41.416
2021-04-24 08:15:41.444,AgileVision Beacon,FB:48:A7:41:3F:C8,000000000003,-81.0,2021-04-24 08:15:41.444
2021-04-24 08:15:41.469,AgileVision Beacon,C8:7E:06:A7:D7:3E,000000000001,-63.0,2021-04-24 08:15:41.469
2021-04-24 08:15:41.498,AgileVision Beacon,D9:77:0F:A8:70:38,000000000002,-62.0,2021-04-24 08:15:41.498
2021-04-24 08:15:41.816,AgileVision Beacon,D9:77:0F:A8:70:38,000000000002,-62.0,2021-04-24 08:15:41.816
2021-04-24 08:15:41.840,AgileVision Beacon,C1:E2:F7:D0:6B:8C,000000000006,-75.0,2021-04-24 08:15:41.840
2021-04-24 08:15:41.850,AgileVision Beacon,F7:7C:03:9B:24:1D,000000000005,-74.0,2021-04-24 08:15:41.850
2021-04-24 08:15:41.882,AgileVision Beacon,FB:48:A7:41:3F:C8,000000000003,-80.0,2021-04-24 08:15:41.882
2021-04-24 08:15:41.888,AgileVision Beacon,C8:7E:06:A7:D7:3E,000000000001,-62.0,2021-04-24 08:15:41.888
2021-04-24 08:15:42.236,AgileVision Beacon,D9:77:0F:A8:70:38,000000000002,-62.0,2021-04-24 08:15:42.236
2021-04-24 08:15:42.254,AgileVision Beacon,C1:E2:F7:D0:6B:8C,000000000006,-79.0,2021-04-24 08:15:42.254
2021-04-24 08:15:42.276,AgileVision Beacon,F7:7C:03:9B:24:1D,000000000005,-80.0,2021-04-24 08:15:42.276
2021-04-24 08:15:42.291,AgileVision Beacon,FB:48:A7:41:3F:C8,000000000003,-85.0,2021-04-24 08:15:42.291
2021-04-24 08:15:42.304,AgileVision Beacon,C8:7E:06:A7:D7:3E,000000000001,-66.0,2021-04-24 08:15:42.304
2021-04-24 08:15:42.619,AgileVision Beacon,C8:7E:06:A7:D7:3E,000000000001,-65.0,2021-04-24 08:15:42.619
2021-04-24 08:15:42.651,AgileVision Beacon,D9:77:0F:A8:70:38,000000000002,-69.0,2021-04-24 08:15:42.651
2021-04-24 08:15:42.657,AgileVision Beacon,E6:19:C3:98:50:7C,000000000004,-88.0,2021-04-24 08:15:42.657
2021-04-24 08:15:42.677,AgileVision Beacon,C1:E2:F7:D0:6B:8C,000000000006,-79.0,2021-04-24 08:15:42.677
2021-04-24 08:15:42.696,AgileVision Beacon,F7:7C:03:9B:24:1D,000000000005,-80.0,2021-04-24 08:15:42.696
2021-04-24 08:15:42.707,AgileVision Beacon,FB:48:A7:41:3F:C8,000000000003,-85.0,2021-04-24 08:15:42.707
2021-04-24 08:15:42.857,AgileVision Beacon,D9:77:0F:A8:70:38,000000000002,-70.0,2021-04-24 08:15:42.857
2021-04-24 08:15:42.865,AgileVision Beacon,E6:19:C3:98:50:7C,000000000004,-89.0,2021-04-24 08:15:42.865
2021-04-24 08:15:43.038,AgileVision Beacon,C8:7E:06:A7:D7:3E,000000000001,-66.0,2021-04-24 08:15:43.038
2021-04-24 08:15:43.105,AgileVision Beacon,C1:E2:F7:D0:6B:8C,000000000006,-79.0,2021-04-24 08:15:43.105
2021-04-24 08:15:43.112,AgileVision Beacon,FB:48:A7:41:3F:C8,000000000003,-86.0,2021-04-24 08:15:43.112
2021-04-24 08:15:43.121,AgileVision Beacon,F7:7C:03:9B:24:1D,000000000005,-81.0,2021-04-24 08:15:43.121
2021-04-24 08:15:43.330,AgileVision Beacon,FB:48:A7:41:3F:C8,000000000003,-85.0,2021-04-24 08:15:43.330
2021-04-24 08:15:43.425,AgileVision Beacon,C1:E2:F7:D0:6B:8C,000000000006,-79.0,2021-04-24 08:15:43.425
2021-04-24 08:15:43.447,AgileVision Beacon,F7:7C:03:9B:24:1D,000000000005,-82.0,2021-04-24 08:15:43.447
2021-04-24 08:15:43.455,AgileVision Beacon,C8:7E:06:A7:D7:3E,000000000001,-66.0,2021-04-24 08:15:43.455
2021-04-24 08:15:43.491,AgileVision Beacon,D9:77:0F:A8:70:38,000000000002,-70.0,2021-04-24 08:15:43.491
2021-04-24 08:15:43.500,AgileVision Beacon,E6:19:C3:98:50:7C,000000000004,-88.0,2021-04-24 08:15:43.500
2021-04-24 08:15:43.627,AgileVision Beacon,FB:48:A7:41:3F:C8,000000000003,-85.0,2021-04-24 08:15:43.627
2021-04-24 08:15:43.835,AgileVision Beacon,C1:E2:F7:D0:6B:8C,000000000006,-79.0,2021-04-24 08:15:43.835
2021-04-24 08:15:43.857,AgileVision Beacon,F7:7C:03:9B:24:1D,000000000005,-82.0,2021-04-24 08:15:43.857
2021-04-24 08:15:43.880,AgileVision Beacon,C8:7E:06:A7:D7:3E,000000000001,-67.0,2021-04-24 08:15:43.880
2021-04-24 08:15:43.909,AgileVision Beacon,E6:19:C3:98:50:7C,000000000004,-88.0,2021-04-24 08:15:43.909
2021-04-24 08:15:43.916,AgileVision Beacon,D9:77:0F:A8:70:38,000000000002,-70.0,2021-04-24 08:15:43.916
2021-04-24 08:15:44.258,AgileVision Beacon,C1:E2:F7:D0:6B:8C,000000000006,-78.0,2021-04-24 08:15:44.258
2021-04-24 08:15:44.266,AgileVision Beacon,FB:48:A7:41:3F:C8,000000000003,-85.0,2021-04-24 08:15:44.266
2021-04-24 08:15:44.287,AgileVision Beacon,F7:7C:03:9B:24:1D,000000000005,-80.0,2021-04-24 08:15:44.287
2021-04-24 08:15:44.294,AgileVision Beacon,C8:7E:06:A7:D7:3E,000000000001,-67.0,2021-04-24 08:15:44.294
2021-04-24 08:15:44.323,AgileVision Beacon,E6:19:C3:98:50:7C,000000000004,-88.0,2021-04-24 08:15:44.323
2021-04-24 08:15:44.334,AgileVision Beacon,D9:77:0F:A8:70:38,000000000002,-74.0,2021-04-24 08:15:44.334
2021-04-24 08:15:44.394,AgileVision Beacon,F7:7C:03:9B:24:1D,000000000005,-80.0,2021-04-24 08:15:44.394
2021-04-24 08:15:44.399,AgileVision Beacon,C8:7E:06:A7:D7:3E,000000000001,-66.0,2021-04-24 08:15:44.399
2021-04-24 08:15:44.662,AgileVision Beacon,D9:77:0F:A8:70:38,000000000002,-77.0,2021-04-24 08:15:44.662
2021-04-24 08:15:44.685,AgileVision Beacon,C1:E2:F7:D0:6B:8C,000000000006,-77.0,2021-04-24 08:15:44.685
2021-04-24 08:15:44.692,AgileVision Beacon,FB:48:A7:41:3F:C8,000000000003,-85.0,2021-04-24 08:15:44.692
2021-04-24 08:15:44.741,AgileVision Beacon,E6:19:C3:98:50:7C,000000000004,-86.0,2021-04-24 08:15:44.741
2021-04-24 08:15:44.993,AgileVision Beacon,C1:E2:F7:D0:6B:8C,000000000006,-78.0,2021-04-24 08:15:44.993
2021-04-24 08:15:45.000,AgileVision Beacon,FB:48:A7:41:3F:C8,000000000003,-85.0,2021-04-24 08:15:45.000
2021-04-24 08:15:45.052,AgileVision Beacon,E6:19:C3:98:50:7C,000000000004,-86.0,2021-04-24 08:15:45.052
2021-04-24 08:15:45.072,AgileVision Beacon,D9:77:0F:A8:70:38,000000000002,-78.0,2021-04-24 08:15:45.072
2021-04-24 08:15:45.136,AgileVision Beacon,C8:7E:06:A7:D7:3E,000000000001,-66.0,2021-04-24 08:15:45.136
2021-04-24 08:15:45.142,AgileVision Beacon,F7:7C:03:9B:24:1D,000000000005,-79.0,2021-04-24 08:15:45.142
2021-04-24 08:15:45.474,AgileVision Beacon,E6:19:C3:98:50:7C,000000000004,-86.0,2021-04-24 08:15:45.474
2021-04-24 08:15:45.483,AgileVision Beacon,D9:77:0F:A8:70:38,000000000002,-76.0,2021-04-24 08:15:45.483
2021-04-24 08:15:45.515,AgileVision Beacon,C1:E2:F7:D0:6B:8C,000000000006,-78.0,2021-04-24 08:15:45.515
2021-04-24 08:15:45.522,AgileVision Beacon,FB:48:A7:41:3F:C8,000000000003,-85.0,2021-04-24 08:15:45.522
2021-04-24 08:15:45.543,AgileVision Beacon,F7:7C:03:9B:24:1D,000000000005,-79.0,2021-04-24 08:15:45.543
2021-04-24 08:15:45.550,AgileVision Beacon,C8:7E:06:A7:D7:3E,000000000001,-67.0,2021-04-24 08:15:45.550
2021-04-24 08:15:45.861,AgileVision Beacon,C8:7E:06:A7:D7:3E,000000000001,-66.0,2021-04-24 08:15:45.861
2021-04-24 08:15:45.866,AgileVision Beacon,F7:7C:03:9B:24:1D,000000000005,-79.0,2021-04-24 08:15:45.866
2021-04-24 08:15:45.881,AgileVision Beacon,E6:19:C3:98:50:7C,000000000004,-88.0,2021-04-24 08:15:45.881
2021-04-24 08:15:45.902,AgileVision Beacon,D9:77:0F:A8:70:38,000000000002,-74.0,2021-04-24 08:15:45.902
2021-04-24 08:15:45.931,AgileVision Beacon,C1:E2:F7:D0:6B:8C,000000000006,-78.0,2021-04-24 08:15:45.931
2021-04-24 08:15:45.938,AgileVision Beacon,FB:48:A7:41:3F:C8,000000000003,-85.0,2021-04-24 08:15:45.938
2021-04-24 08:15:46.267,AgileVision Beacon,C8:7E:06:A7:D7:3E,000000000001,-67.0,2021-04-24 08:15:46.267
2021-04-24 08:15:46.284,AgileVision Beacon,F7:7C:03:9B:24:1D,000000000005,-82.0,2021-04-24 08:15:46.284
2021-04-24 08:15:46.296,AgileVision Beacon,E6:19:C3:98:50:7C,000000000004,-88.0,2021-04-24 08:15:46.296
2021-04-24 08:15:46.320,AgileVision Beacon,D9:77:0F:A8:70:38,000000000002,-71.0,2021-04-24 08:15:46.320
2021-04-24 08:15:46.336,AgileVision Beacon,C1:E2:F7:D0:6B:8C,000000000006,-78.0,2021-04-24 08:15:46.336
2021-04-24 08:15:46.350,AgileVision Beacon,FB:48:A7:41:3F:C8,000000000003,-85.0,2021-04-24 08:15:46.350
2021-04-24 08:15:46.681,AgileVision Beacon,FB:48:A7:41:3F:C8,000000000003,-86.0,2021-04-24 08:15:46.681
2021-04-24 08:15:46.689,AgileVision Beacon,C8:7E:06:A7:D7:3E,000000000001,-66.0,2021-04-24 08:15:46.689
2021-04-24 08:15:46.699,AgileVision Beacon,F7:7C:03:9B:24:1D,000000000005,-81.0,2021-04-24 08:15:46.699
2021-04-24 08:15:46.721,AgileVision Beacon,E6:19:C3:98:50:7C,000000000004,-89.0,2021-04-24 08:15:46.721
2021-04-24 08:15:46.755,AgileVision Beacon,D9:77:0F:A8:70:38,000000000002,-71.0,2021-04-24 08:15:46.755
2021-04-24 08:15:46.763,AgileVision Beacon,C1:E2:F7:D0:6B:8C,000000000006,-78.0,2021-04-24 08:15:46.763
2021-04-24 08:15:47.079,AgileVision Beacon,C1:E2:F7:D0:6B:8C,000000000006,-78.0,2021-04-24 08:15:47.079
2021-04-24 08:15:47.094,AgileVision Beacon,FB:48:A7:41:3F:C8,000000000003,-86.0,2021-04-24 08:15:47.094
2021-04-24 08:15:47.114,AgileVision Beacon,F7:7C:03:9B:24:1D,000000000005,-82.0,2021-04-24 08:15:47.114
2021-04-24 08:15:47.120,AgileVision Beacon,C8:7E:06:A7:D7:3E,000000000001,-66.0,2021-04-24 08:15:47.120
2021-04-24 08:15:47.150,AgileVision Beacon,E6:19:C3:98:50:7C,000000000004,-90.0,2021-04-24 08:15:47.150
2021-04-24 08:15:47.172,AgileVision Beacon,D9:77:0F:A8:70:38,000000000002,-73.0,2021-04-24 08:15:47.172
2021-04-24 08:15:47.481,AgileVision Beacon,D9:77:0F:A8:70:38,000000000002,-68.0,2021-04-24 08:15:47.481
2021-04-24 08:15:47.491,AgileVision Beacon,C1:E2:F7:D0:6B:8C,000000000006,-76.0,2021-04-24 08:15:47.491
2021-04-24 08:15:47.517,AgileVision Beacon,FB:48:A7:41:3F:C8,000000000003,-84.0,2021-04-24 08:15:47.517
2021-04-24 08:15:47.528,AgileVision Beacon,C8:7E:06:A7:D7:3E,000000000001,-63.0,2021-04-24 08:15:47.528
2021-04-24 08:15:47.534,AgileVision Beacon,F7:7C:03:9B:24:1D,000000000005,-82.0,2021-04-24 08:15:47.534
2021-04-24 08:15:47.560,AgileVision Beacon,E6:19:C3:98:50:7C,000000000004,-82.0,2021-04-24 08:15:47.560
2021-04-24 08:15:47.896,AgileVision Beacon,D9:77:0F:A8:70:38,000000000002,-68.0,2021-04-24 08:15:47.896
2021-04-24 08:15:47.901,AgileVision Beacon,C1:E2:F7:D0:6B:8C,000000000006,-75.0,2021-04-24 08:15:47.901
2021-04-24 08:15:47.942,AgileVision Beacon,FB:48:A7:41:3F:C8,000000000003,-85.0,2021-04-24 08:15:47.942
2021-04-24 08:15:47.948,AgileVision Beacon,C8:7E:06:A7:D7:3E,000000000001,-63.0,2021-04-24 08:15:47.948
2021-04-24 08:15:47.959,AgileVision Beacon,F7:7C:03:9B:24:1D,000000000005,-78.0,2021-04-24 08:15:47.959
2021-04-24 08:15:47.965,AgileVision Beacon,E6:19:C3:98:50:7C,000000000004,-82.0,2021-04-24 08:15:47.965
2021-04-24 08:15:48.226,AgileVision Beacon,D9:77:0F:A8:70:38,000000000002,-67.0,2021-04-24 08:15:48.226
2021-04-24 08:15:48.323,AgileVision Beacon,C1:E2:F7:D0:6B:8C,000000000006,-75.0,2021-04-24 08:15:48.323
2021-04-24 08:15:48.354,AgileVision Beacon,C8:7E:06:A7:D7:3E,000000000001,-63.0,2021-04-24 08:15:48.354
2021-04-24 08:15:48.358,AgileVision Beacon,FB:48:A7:41:3F:C8,000000000003,-85.0,2021-04-24 08:15:48.358
2021-04-24 08:15:48.370,AgileVision Beacon,F7:7C:03:9B:24:1D,000000000005,-78.0,2021-04-24 08:15:48.370
2021-04-24 08:15:48.683,AgileVision Beacon,F7:7C:03:9B:24:1D,000000000005,-84.0,2021-04-24 08:15:48.683
2021-04-24 08:15:48.715,AgileVision Beacon,E6:19:C3:98:50:7C,000000000004,-82.0,2021-04-24 08:15:48.715
2021-04-24 08:15:48.744,AgileVision Beacon,C1:E2:F7:D0:6B:8C,000000000006,-76.0,2021-04-24 08:15:48.744
2021-04-24 08:15:48.752,AgileVision Beacon,D9:77:0F:A8:70:38,000000000002,-68.0,2021-04-24 08:15:48.752
2021-04-24 08:15:48.772,AgileVision Beacon,C8:7E:06:A7:D7:3E,000000000001,-63.0,2021-04-24 08:15:48.772
2021-04-24 08:15:48.780,AgileVision Beacon,FB:48:A7:41:3F:C8,000000000003,-84.0,2021-04-24 08:15:48.780
2021-04-24 08:15:49.092,AgileVision Beacon,F7:7C:03:9B:24:1D,000000000005,-84.0,2021-04-24 08:15:49.092
2021-04-24 08:15:49.097,AgileVision Beacon,FB:48:A7:41:3F:C8,000000000003,-86.0,2021-04-24 08:15:49.097
2021-04-24 08:15:49.153,AgileVision Beacon,E6:19:C3:98:50:7C,000000000004,-82.0,2021-04-24 08:15:49.153
2021-04-24 08:15:49.162,AgileVision Beacon,C1:E2:F7:D0:6B:8C,000000000006,-76.0,2021-04-24 08:15:49.162
2021-04-24 08:15:49.166,AgileVision Beacon,D9:77:0F:A8:70:38,000000000002,-69.0,2021-04-24 08:15:49.166
2021-04-24 08:15:49.187,AgileVision Beacon,C8:7E:06:A7:D7:3E,000000000001,-63.0,2021-04-24 08:15:49.187
2021-04-24 08:15:49.462,AgileVision Beacon,E6:19:C3:98:50:7C,000000000004,-81.0,2021-04-24 08:15:49.462
2021-04-24 08:15:49.523,AgileVision Beacon,C8:7E:06:A7:D7:3E,000000000001,-63.0,2021-04-24 08:15:49.523
2021-04-24 08:15:49.529,AgileVision Beacon,F7:7C:03:9B:24:1D,000000000005,-80.0,2021-04-24 08:15:49.529
2021-04-24 08:15:49.534,AgileVision Beacon,FB:48:A7:41:3F:C8,000000000003,-84.0,2021-04-24 08:15:49.534
2021-04-24 08:15:49.570,AgileVision Beacon,C1:E2:F7:D0:6B:8C,000000000006,-76.0,2021-04-24 08:15:49.570
2021-04-24 08:15:49.582,AgileVision Beacon,D9:77:0F:A8:70:38,000000000002,-68.0,2021-04-24 08:15:49.582
2021-04-24 08:15:49.728,AgileVision Beacon,F7:7C:03:9B:24:1D,000000000005,-79.0,2021-04-24 08:15:49.728
2021-04-24 08:15:49.929,AgileVision Beacon,C8:7E:06:A7:D7:3E,000000000001,-63.0,2021-04-24 08:15:49.929
2021-04-24 08:15:49.948,AgileVision Beacon,FB:48:A7:41:3F:C8,000000000003,-84.0,2021-04-24 08:15:49.948
2021-04-24 08:15:49.989,AgileVision Beacon,E6:19:C3:98:50:7C,000000000004,-81.0,2021-04-24 08:15:49.989
2021-04-24 08:15:49.996,AgileVision Beacon,C1:E2:F7:D0:6B:8C,000000000006,-75.0,2021-04-24 08:15:49.996
2021-04-24 08:15:50.002,AgileVision Beacon,D9:77:0F:A8:70:38,000000000002,-67.0,2021-04-24 08:15:50.002
2021-04-24 08:15:50.196,AgileVision Beacon,C1:E2:F7:D0:6B:8C,000000000006,-76.0,2021-04-24 08:15:50.196
2021-04-24 08:15:50.291,AgileVision Beacon,E6:19:C3:98:50:7C,000000000004,-81.0,2021-04-24 08:15:50.291
2021-04-24 08:15:50.307,AgileVision Beacon,D9:77:0F:A8:70:38,000000000002,-67.0,2021-04-24 08:15:50.307
2021-04-24 08:15:50.347,AgileVision Beacon,C8:7E:06:A7:D7:3E,000000000001,-63.0,2021-04-24 08:15:50.347
2021-04-24 08:15:50.359,AgileVision Beacon,F7:7C:03:9B:24:1D,000000000005,-81.0,2021-04-24 08:15:50.359
2021-04-24 08:15:50.365,AgileVision Beacon,FB:48:A7:41:3F:C8,000000000003,-85.0,2021-04-24 08:15:50.365
2021-04-24 08:15:50.673,AgileVision Beacon,FB:48:A7:41:3F:C8,000000000003,-87.0,2021-04-24 08:15:50.673
2021-04-24 08:15:50.717,AgileVision Beacon,C1:E2:F7:D0:6B:8C,000000000006,-76.0,2021-04-24 08:15:50.717
2021-04-24 08:15:50.725,AgileVision Beacon,E6:19:C3:98:50:7C,000000000004,-81.0,2021-04-24 08:15:50.725
2021-04-24 08:15:50.740,AgileVision Beacon,D9:77:0F:A8:70:38,000000000002,-69.0,2021-04-24 08:15:50.740
2021-04-24 08:15:50.765,AgileVision Beacon,C8:7E:06:A7:D7:3E,000000000001,-64.0,2021-04-24 08:15:50.765
2021-04-24 08:15:50.779,AgileVision Beacon,F7:7C:03:9B:24:1D,000000000005,-75.0,2021-04-24 08:15:50.779
2021-04-24 08:15:51.046,AgileVision Beacon,E6:19:C3:98:50:7C,000000000004,-84.0,2021-04-24 08:15:51.046
2021-04-24 08:15:51.138,AgileVision Beacon,C1:E2:F7:D0:6B:8C,000000000006,-82.0,2021-04-24 08:15:51.138
2021-04-24 08:15:51.153,AgileVision Beacon,D9:77:0F:A8:70:38,000000000002,-69.0,2021-04-24 08:15:51.153
2021-04-24 08:15:51.181,AgileVision Beacon,C8:7E:06:A7:D7:3E,000000000001,-68.0,2021-04-24 08:15:51.181
2021-04-24 08:15:51.198,AgileVision Beacon,FB:48:A7:41:3F:C8,000000000003,-95.0,2021-04-24 08:15:51.198
2021-04-24 08:15:51.204,AgileVision Beacon,F7:7C:03:9B:24:1D,000000000005,-82.0,2021-04-24 08:15:51.204
